{"type":"FeatureCollection","features":[{"type":"Feature","geometry":{"type":"Polygon","coordinates":[[[2.557969093322754,48.748747266516745],[2.5582265853881836,48.746964539135035],[2.555522918701172,48.746766454410846],[2.555265426635742,48.74857748568144],[2.557969093322754,48.748747266516745]]]},"id":1059976975,"properties":{"GEO":"CRS3035RES200mN2875800E3774400","GEO_OBJECT":"C200M","OBS_STATUS":"I","lcog_geo":"94048","ind":3,"men":1.1,"men_pauv":0.1,"men_1ind":0.2,"men_5ind":0.2,"men_prop":0.9,"men_fmp":0.1,"ind_snv":97357.1,"men_surf":147.8,"men_coll":0.2,"men_mais":0.9,"log_soc":0,"ind_inc":0,"log":1.1,"ind_0_17":0.3,"ind_65p":0.7}},{"type":"Feature","geometry":{"type":"Polygon","coordinates":[[[2.578310966491699,48.777205742259895],[2.578568458557129,48.775424024725],[2.575864791870117,48.77522605220648],[2.5756072998046875,48.7770360576001],[2.578310966491699,48.777205742259895]]]},"id":1059988530,"properties":{"GEO":"CRS3035RES200mN2878800E3776200","GEO_OBJECT":"C200M","OBS_STATUS":"I","lcog_geo":"94060","ind":2,"men":0.9,"men_pauv":0.2,"men_1ind":0.2,"men_5ind":0,"men_prop":0.6,"men_fmp":0.1,"ind_snv":48131,"men_surf":83.2,"men_coll":0.2,"men_mais":0.7,"log_soc":0,"ind_inc":0,"log":0.9,"ind_0_17":0.30000000000000004,"ind_65p":0.4}},{"type":"Feature","geometry":{"type":"Polygon","coordinates":[[[2.5623035430908203,48.75627364043581],[2.56256103515625,48.75449118008413],[2.5598573684692383,48.754293125030046],[2.5595998764038086,48.756075592408706],[2.5623035430908203,48.75627364043581]]]},"id":1059980120,"properties":{"GEO":"CRS3035RES200mN2876600E3774800","GEO_OBJECT":"C200M","OBS_STATUS":"I","lcog_geo":"94071","ind":8,"men":2.7,"men_pauv":0.4,"men_1ind":0.5,"men_5ind":0.5,"men_prop":2.6,"men_fmp":0.1,"ind_snv":265825.6,"men_surf":389.1,"men_coll":0,"men_mais":2.7,"log_soc":0,"ind_inc":0,"log":2.7,"ind_0_17":2.1,"ind_65p":1.1}},{"type":"Feature","geometry":{"type":"Polygon","coordinates":[[[2.5620460510253906,48.75805603754489],[2.5623035430908203,48.75627364043581],[2.5595998764038086,48.756075592408706],[2.559342384338379,48.757886288163974],[2.5620460510253906,48.75805603754489]]]},"id":1059980845,"properties":{"GEO":"CRS3035RES200mN2876800E3774800","GEO_OBJECT":"C200M","OBS_STATUS":"A","lcog_geo":"94071","ind":58,"men":21,"men_pauv":1,"men_1ind":3,"men_5ind":2,"men_prop":21,"men_fmp":1,"ind_snv":2141520.5,"men_surf":3617,"men_coll":0,"men_mais":21,"log_soc":0,"ind_inc":0,"log":21,"ind_0_17":17,"ind_65p":13}},{"type":"Feature","geometry":{"type":"Polygon","coordinates":[[[2.5571537017822266,48.75412336293368],[2.5574111938476562,48.75231253154632],[2.5547075271606445,48.7521427627575],[2.554450035095215,48.75392530642958],[2.5571537017822266,48.75412336293368]]]},"id":1059979326,"properties":{"GEO":"CRS3035RES200mN2876400E3774400","GEO_OBJECT":"C200M","OBS_STATUS":"I","lcog_geo":"9404894004","ind":17,"men":5.8,"men_pauv":0.9,"men_1ind":1.1,"men_5ind":1.1,"men_prop":5.6,"men_fmp":0.2,"ind_snv":564879.5,"men_surf":826.9,"men_coll":0,"men_mais":5.8,"log_soc":0,"ind_inc":0,"log":5.800000000000001,"ind_0_17":4.3,"ind_65p":2.3}},{"type":"Feature","geometry":{"type":"Polygon","coordinates":[[[2.556896209716797,48.75590583633553],[2.5571537017822266,48.75412336293368],[2.554450035095215,48.75392530642958],[2.554192543029785,48.75573607968866],[2.556896209716797,48.75590583633553]]]},"id":1059980118,"properties":{"GEO":"CRS3035RES200mN2876600E3774400","GEO_OBJECT":"C200M","OBS_STATUS":"A","lcog_geo":"9407194004","ind":67,"men":28,"men_pauv":1,"men_1ind":6,"men_5ind":1,"men_prop":27,"men_fmp":2,"ind_snv":2446740.5,"men_surf":3890,"men_coll":0,"men_mais":28,"log_soc":0,"ind_inc":0,"log":28,"ind_0_17":14,"ind_65p":24}},{"type":"Feature","geometry":{"type":"Polygon","coordinates":[[[2.559342384338379,48.757886288163974],[2.5595998764038086,48.756075592408706],[2.556896209716797,48.75590583633553],[2.556595802307129,48.75768824649461],[2.559342384338379,48.757886288163974]]]},"id":1059980844,"properties":{"GEO":"CRS3035RES200mN2876800E3774600","GEO_OBJECT":"C200M","OBS_STATUS":"I","lcog_geo":"94071","ind":49.5,"men":16.8,"men_pauv":2.5,"men_1ind":3.1,"men_5ind":3.1,"men_prop":16.2,"men_fmp":0.6,"ind_snv":1644796.1,"men_surf":2407.8,"men_coll":0,"men_mais":16.8,"log_soc":0,"ind_inc":0,"log":16.8,"ind_0_17":12.8,"ind_65p":6.8}},{"type":"Feature","geometry":{"type":"Polygon","coordinates":[[[2.5595998764038086,48.756075592408706],[2.5598573684692383,48.754293125030046],[2.5571537017822266,48.75412336293368],[2.556896209716797,48.75590583633553],[2.5595998764038086,48.756075592408706]]]},"id":1059980119,"properties":{"GEO":"CRS3035RES200mN2876600E3774600","GEO_OBJECT":"C200M","OBS_STATUS":"A","lcog_geo":"940719404894004","ind":79,"men":23,"men_pauv":0,"men_1ind":3,"men_5ind":5,"men_prop":23,"men_fmp":0,"ind_snv":2740922.4,"men_surf":3774,"men_coll":0,"men_mais":23,"log_soc":0,"ind_inc":0,"log":23,"ind_0_17":17,"ind_65p":4}},{"type":"Feature","geometry":{"type":"Polygon","coordinates":[[[2.554192543029785,48.75573607968866],[2.554450035095215,48.75392530642958],[2.551746368408203,48.75375554309039],[2.5514888763427734,48.75553802954232],[2.554192543029785,48.75573607968866]]]},"id":1059980117,"properties":{"GEO":"CRS3035RES200mN2876600E3774200","GEO_OBJECT":"C200M","OBS_STATUS":"A","lcog_geo":"9400494071","ind":71,"men":28,"men_pauv":2,"men_1ind":7,"men_5ind":1,"men_prop":26,"men_fmp":1,"ind_snv":2460859.9,"men_surf":3979,"men_coll":0,"men_mais":28,"log_soc":0,"ind_inc":0,"log":28,"ind_0_17":11,"ind_65p":16}},{"type":"Feature","geometry":{"type":"Polygon","coordinates":[[[2.554450035095215,48.75392530642958],[2.5547075271606445,48.7521427627575],[2.552003860473633,48.7519729933951],[2.551746368408203,48.75375554309039],[2.554450035095215,48.75392530642958]]]},"id":1059979325,"properties":{"GEO":"CRS3035RES200mN2876400E3774200","GEO_OBJECT":"C200M","OBS_STATUS":"I","lcog_geo":"9400494048","ind":5,"men":1.7,"men_pauv":0.3,"men_1ind":0.3,"men_5ind":0.3,"men_prop":1.6,"men_fmp":0.1,"ind_snv":166141,"men_surf":243.2,"men_coll":0,"men_mais":1.7,"log_soc":0,"ind_inc":0,"log":1.7,"ind_0_17":1.3,"ind_65p":0.7}},{"type":"Feature","geometry":{"type":"Polygon","coordinates":[[[2.556595802307129,48.75768824649461],[2.556896209716797,48.75590583633553],[2.554192543029785,48.75573607968866],[2.553892135620117,48.75751849587084],[2.556595802307129,48.75768824649461]]]},"id":1059980843,"properties":{"GEO":"CRS3035RES200mN2876800E3774400","GEO_OBJECT":"C200M","OBS_STATUS":"A","lcog_geo":"94071","ind":69.5,"men":27,"men_pauv":1,"men_1ind":7,"men_5ind":3,"men_prop":22,"men_fmp":2,"ind_snv":2267817.5,"men_surf":4225,"men_coll":1,"men_mais":26,"log_soc":0,"ind_inc":0,"log":27,"ind_0_17":15.5,"ind_65p":16}},{"type":"Feature","geometry":{"type":"Polygon","coordinates":[[[2.5487422943115234,48.7553682716526],[2.5490427017211914,48.75355748513624],[2.5463390350341797,48.753387720554144],[2.5460386276245117,48.75517022005627],[2.5487422943115234,48.7553682716526]]]},"id":1059980115,"properties":{"GEO":"CRS3035RES200mN2876600E3773800","GEO_OBJECT":"C200M","OBS_STATUS":"I","lcog_geo":"9400494071","ind":4,"men":1.3,"men_pauv":0.1,"men_1ind":0.2,"men_5ind":0.2,"men_prop":1.1,"men_fmp":0.2,"ind_snv":101555.6,"men_surf":119.6,"men_coll":0.1,"men_mais":1.2,"log_soc":0,"ind_inc":0,"log":1.3,"ind_0_17":1.1,"ind_65p":0.8}},{"type":"Feature","geometry":{"type":"Polygon","coordinates":[[[2.5514888763427734,48.75553802954232],[2.551746368408203,48.75375554309039],[2.5490427017211914,48.75355748513624],[2.5487422943115234,48.7553682716526],[2.5514888763427734,48.75553802954232]]]},"id":1059980116,"properties":{"GEO":"CRS3035RES200mN2876600E3774000","GEO_OBJECT":"C200M","OBS_STATUS":"A","lcog_geo":"9400494071","ind":48,"men":19,"men_pauv":1,"men_1ind":5,"men_5ind":3,"men_prop":19,"men_fmp":1,"ind_snv":1577965.6,"men_surf":2081,"men_coll":0,"men_mais":19,"log_soc":0,"ind_inc":0,"log":19,"ind_0_17":10,"ind_65p":14}},{"type":"Feature","geometry":{"type":"Polygon","coordinates":[[[2.5617456436157227,48.75983837141189],[2.5620460510253906,48.75805603754489],[2.559342384338379,48.757886288163974],[2.559041976928711,48.759668628054015],[2.5617456436157227,48.75983837141189]]]},"id":1059981577,"properties":{"GEO":"CRS3035RES200mN2877000E3774800","GEO_OBJECT":"C200M","OBS_STATUS":"I","lcog_geo":"94071","ind":16,"men":5.5,"men_pauv":0.4,"men_1ind":0.4,"men_5ind":1.1,"men_prop":5.3,"men_fmp":0.2,"ind_snv":586086.1,"men_surf":729.9,"men_coll":0.2,"men_mais":5.3,"log_soc":0,"ind_inc":0,"log":5.5,"ind_0_17":3.1,"ind_65p":3.8}},{"type":"Feature","geometry":{"type":"Polygon","coordinates":[[[2.5587844848632812,48.76145090470246],[2.559041976928711,48.759668628054015],[2.556338310241699,48.75947059341152],[2.5560808181762695,48.761281166793964],[2.5587844848632812,48.76145090470246]]]},"id":1059982326,"properties":{"GEO":"CRS3035RES200mN2877200E3774600","GEO_OBJECT":"C200M","OBS_STATUS":"I","lcog_geo":"94071","ind":11,"men":3.8,"men_pauv":0.3,"men_1ind":0.3,"men_5ind":0.7,"men_prop":3.6,"men_fmp":0.1,"ind_snv":402934.2,"men_surf":501.8,"men_coll":0.2,"men_mais":3.6,"log_soc":0,"ind_inc":0,"log":3.8,"ind_0_17":2.1,"ind_65p":2.5999999999999996}},{"type":"Feature","geometry":{"type":"Polygon","coordinates":[[[2.559041976928711,48.759668628054015],[2.559342384338379,48.757886288163974],[2.556595802307129,48.75768824649461],[2.556338310241699,48.75947059341152],[2.559041976928711,48.759668628054015]]]},"id":1059981576,"properties":{"GEO":"CRS3035RES200mN2877000E3774600","GEO_OBJECT":"C200M","OBS_STATUS":"A","lcog_geo":"94071","ind":54.5,"men":18,"men_pauv":1,"men_1ind":3,"men_5ind":3,"men_prop":17,"men_fmp":0,"ind_snv":1802593.6,"men_surf":2691,"men_coll":0,"men_mais":18,"log_soc":0,"ind_inc":0,"log":18,"ind_0_17":14,"ind_65p":9}},{"type":"Feature","geometry":{"type":"Polygon","coordinates":[[[2.561488151550293,48.76162064203734],[2.5617456436157227,48.75983837141189],[2.559041976928711,48.759668628054015],[2.5587844848632812,48.76145090470246],[2.561488151550293,48.76162064203734]]]},"id":1059982327,"properties":{"GEO":"CRS3035RES200mN2877200E3774800","GEO_OBJECT":"C200M","OBS_STATUS":"I","lcog_geo":"94071","ind":3,"men":1,"men_pauv":0.1,"men_1ind":0.1,"men_5ind":0.2,"men_prop":1,"men_fmp":0,"ind_snv":109891.1,"men_surf":136.9,"men_coll":0,"men_mais":1,"log_soc":0,"ind_inc":0,"log":1,"ind_0_17":0.7,"ind_65p":0.7}},{"type":"Feature","geometry":{"type":"Polygon","coordinates":[[[2.5536346435546875,48.759300848810824],[2.553892135620117,48.75751849587084],[2.5511884689331055,48.75732045275146],[2.550930976867676,48.75913110363646],[2.5536346435546875,48.759300848810824]]]},"id":1059981574,"properties":{"GEO":"CRS3035RES200mN2877000E3774200","GEO_OBJECT":"C200M","OBS_STATUS":"A","lcog_geo":"94071","ind":160.5,"men":56,"men_pauv":3,"men_1ind":7,"men_5ind":6,"men_prop":51,"men_fmp":8,"ind_snv":4858949.9,"men_surf":5913,"men_coll":2,"men_mais":54,"log_soc":0,"ind_inc":0,"log":56,"ind_0_17":33.5,"ind_65p":26}},{"type":"Feature","geometry":{"type":"Polygon","coordinates":[[[2.553892135620117,48.75751849587084],[2.554192543029785,48.75573607968866],[2.5514888763427734,48.75553802954232],[2.5511884689331055,48.75732045275146],[2.553892135620117,48.75751849587084]]]},"id":1059980842,"properties":{"GEO":"CRS3035RES200mN2876800E3774200","GEO_OBJECT":"C200M","OBS_STATUS":"A","lcog_geo":"94071","ind":114.5,"men":34,"men_pauv":0,"men_1ind":6,"men_5ind":11,"men_prop":32,"men_fmp":3,"ind_snv":4061683,"men_surf":4819,"men_coll":0,"men_mais":34,"log_soc":0,"ind_inc":0,"log":34,"ind_0_17":22.5,"ind_65p":20}},{"type":"Feature","geometry":{"type":"Polygon","coordinates":[[[2.5560808181762695,48.761281166793964],[2.556338310241699,48.75947059341152],[2.5536346435546875,48.759300848810824],[2.553377151489258,48.761083138509036],[2.5560808181762695,48.761281166793964]]]},"id":1059982325,"properties":{"GEO":"CRS3035RES200mN2877200E3774400","GEO_OBJECT":"C200M","OBS_STATUS":"A","lcog_geo":"94071","ind":102,"men":33,"men_pauv":0,"men_1ind":5,"men_5ind":2,"men_prop":32,"men_fmp":1,"ind_snv":3413076.8,"men_surf":3906,"men_coll":0,"men_mais":33,"log_soc":0,"ind_inc":1,"log":33,"ind_0_17":21,"ind_65p":19}},{"type":"Feature","geometry":{"type":"Polygon","coordinates":[[[2.556338310241699,48.75947059341152],[2.556595802307129,48.75768824649461],[2.553892135620117,48.75751849587084],[2.5536346435546875,48.759300848810824],[2.556338310241699,48.75947059341152]]]},"id":1059981575,"properties":{"GEO":"CRS3035RES200mN2877000E3774400","GEO_OBJECT":"C200M","OBS_STATUS":"A","lcog_geo":"94071","ind":122.5,"men":44,"men_pauv":3,"men_1ind":8,"men_5ind":3,"men_prop":42,"men_fmp":1,"ind_snv":4177516.6,"men_surf":5451,"men_coll":5,"men_mais":39,"log_soc":0,"ind_inc":0,"log":44,"ind_0_17":18.5,"ind_65p":26}},{"type":"Feature","geometry":{"type":"Polygon","coordinates":[[[2.5511884689331055,48.75732045275146],[2.5514888763427734,48.75553802954232],[2.5487422943115234,48.7553682716526],[2.5484848022460938,48.757150700884836],[2.5511884689331055,48.75732045275146]]]},"id":1059980841,"properties":{"GEO":"CRS3035RES200mN2876800E3774000","GEO_OBJECT":"C200M","OBS_STATUS":"A","lcog_geo":"94071","ind":203.5,"men":78,"men_pauv":4,"men_1ind":22,"men_5ind":8,"men_prop":74,"men_fmp":7,"ind_snv":6395245.5,"men_surf":8030,"men_coll":0,"men_mais":78,"log_soc":0,"ind_inc":0,"log":78,"ind_0_17":51.5,"ind_65p":52}},{"type":"Feature","geometry":{"type":"Polygon","coordinates":[[[2.553119659423828,48.762865364966075],[2.553377151489258,48.761083138509036],[2.550673484802246,48.76091339935772],[2.550373077392578,48.76269563183769],[2.553119659423828,48.762865364966075]]]},"id":1059983115,"properties":{"GEO":"CRS3035RES200mN2877400E3774200","GEO_OBJECT":"C200M","OBS_STATUS":"I","lcog_geo":"94071","ind":21,"men":7.2,"men_pauv":0.6,"men_1ind":0.6,"men_5ind":1.4,"men_prop":6.9,"men_fmp":0.3,"ind_snv":769238,"men_surf":958,"men_coll":0.3,"men_mais":6.9,"log_soc":0,"ind_inc":0,"log":7.2,"ind_0_17":4.1,"ind_65p":5}},{"type":"Feature","geometry":{"type":"Polygon","coordinates":[[[2.553377151489258,48.761083138509036],[2.5536346435546875,48.759300848810824],[2.550930976867676,48.75913110363646],[2.550673484802246,48.76091339935772],[2.553377151489258,48.761083138509036]]]},"id":1059982324,"properties":{"GEO":"CRS3035RES200mN2877200E3774200","GEO_OBJECT":"C200M","OBS_STATUS":"A","lcog_geo":"94071","ind":179,"men":63,"men_pauv":8,"men_1ind":10,"men_5ind":5,"men_prop":53,"men_fmp":3,"ind_snv":5470955.2,"men_surf":6334,"men_coll":4,"men_mais":59,"log_soc":0,"ind_inc":0,"log":63,"ind_0_17":45,"ind_65p":31}},{"type":"Feature","geometry":{"type":"Polygon","coordinates":[[[2.564234733581543,48.779892339603634],[2.5644922256469727,48.77808243719818],[2.561788558959961,48.77791275550183],[2.5615310668945312,48.77969438470657],[2.564234733581543,48.779892339603634]]]},"id":1059990153,"properties":{"GEO":"CRS3035RES200mN2879200E3775200","GEO_OBJECT":"C200M","OBS_STATUS":"I","lcog_geo":"94053","ind":2,"men":0.9,"men_pauv":0.1,"men_1ind":0.2,"men_5ind":0,"men_prop":0.5,"men_fmp":0.1,"ind_snv":46643.1,"men_surf":62.2,"men_coll":0.4,"men_mais":0.5,"log_soc":0,"ind_inc":0,"log":0.8999999999999999,"ind_0_17":0.2,"ind_65p":0.3}},{"type":"Feature","geometry":{"type":"Polygon","coordinates":[[[2.552046775817871,48.770021923176415],[2.552304267883301,48.768239950682755],[2.549600601196289,48.76807023571851],[2.549300193786621,48.76985221423493],[2.552046775817871,48.770021923176415]]]},"id":1059986192,"properties":{"GEO":"CRS3035RES200mN2878200E3774200","GEO_OBJECT":"C200M","OBS_STATUS":"I","lcog_geo":"94053","ind":15,"men":6.2,"men_pauv":0,"men_1ind":1.6,"men_5ind":0.4,"men_prop":4.7,"men_fmp":0.4,"ind_snv":468010.5,"men_surf":547.2,"men_coll":1.3,"men_mais":4.9,"log_soc":0,"ind_inc":0,"log":6.2,"ind_0_17":3.2,"ind_65p":3.5}},{"type":"Feature","geometry":{"type":"Polygon","coordinates":[[[2.5490427017211914,48.77163412951268],[2.549300193786621,48.76985221423493],[2.5465965270996094,48.76965421974489],[2.5463390350341797,48.771464426020316],[2.5490427017211914,48.77163412951268]]]},"id":1059986945,"properties":{"GEO":"CRS3035RES200mN2878400E3774000","GEO_OBJECT":"C200M","OBS_STATUS":"A","lcog_geo":"94053","ind":169,"men":68,"men_pauv":5,"men_1ind":13,"men_5ind":6,"men_prop":60,"men_fmp":8,"ind_snv":5534253,"men_surf":7102,"men_coll":3,"men_mais":65,"log_soc":0,"ind_inc":0,"log":68,"ind_0_17":33,"ind_65p":34}},{"type":"Feature","geometry":{"type":"Polygon","coordinates":[[[2.549300193786621,48.76985221423493],[2.549600601196289,48.76807023571851],[2.5468969345092773,48.76787223420192],[2.5465965270996094,48.76965421974489],[2.549300193786621,48.76985221423493]]]},"id":1059986191,"properties":{"GEO":"CRS3035RES200mN2878200E3774000","GEO_OBJECT":"C200M","OBS_STATUS":"I","lcog_geo":"94053","ind":56,"men":23,"men_pauv":0,"men_1ind":6.1,"men_5ind":1.5,"men_prop":17.6,"men_fmp":1.5,"ind_snv":1747239.3,"men_surf":2042.8,"men_coll":4.6,"men_mais":18.4,"log_soc":0,"ind_inc":0,"log":23,"ind_0_17":12.299999999999999,"ind_65p":13}},{"type":"Feature","geometry":{"type":"Polygon","coordinates":[[[2.5588274002075195,48.77952470845912],[2.559084892272949,48.7777430732319],[2.5563812255859375,48.77754510985875],[2.5560808181762695,48.77932675211221],[2.5588274002075195,48.77952470845912]]]},"id":1059990152,"properties":{"GEO":"CRS3035RES200mN2879200E3774800","GEO_OBJECT":"C200M","OBS_STATUS":"I","lcog_geo":"94053","ind":6,"men":2.6,"men_pauv":0.2,"men_1ind":0.7,"men_5ind":0,"men_prop":1.4,"men_fmp":0.2,"ind_snv":139929.3,"men_surf":186.7,"men_coll":1.2,"men_mais":1.4,"log_soc":0,"ind_inc":0,"log":2.5999999999999996,"ind_0_17":0.5,"ind_65p":1}},{"type":"Feature","geometry":{"type":"Polygon","coordinates":[[[2.5514888763427734,48.77361396120875],[2.551746368408203,48.771832116195526],[2.5490427017211914,48.77163412951268],[2.5487852096557617,48.77341598155235],[2.5514888763427734,48.77361396120875]]]},"id":1059987749,"properties":{"GEO":"CRS3035RES200mN2878600E3774200","GEO_OBJECT":"C200M","OBS_STATUS":"A","lcog_geo":"94053","ind":171,"men":54,"men_pauv":4,"men_1ind":4,"men_5ind":7,"men_prop":31,"men_fmp":6,"ind_snv":4749986.3,"men_surf":5032,"men_coll":0,"men_mais":54,"log_soc":22,"ind_inc":1,"log":54,"ind_0_17":44,"ind_65p":10}},{"type":"Feature","geometry":{"type":"Polygon","coordinates":[[[2.551746368408203,48.771832116195526],[2.552046775817871,48.770021923176415],[2.549300193786621,48.76985221423493],[2.5490427017211914,48.77163412951268],[2.551746368408203,48.771832116195526]]]},"id":1059986946,"properties":{"GEO":"CRS3035RES200mN2878400E3774200","GEO_OBJECT":"C200M","OBS_STATUS":"A","lcog_geo":"94053","ind":253,"men":81,"men_pauv":4,"men_1ind":6,"men_5ind":10,"men_prop":55,"men_fmp":13,"ind_snv":7641382.2,"men_surf":8557,"men_coll":0,"men_mais":81,"log_soc":26,"ind_inc":0,"log":81,"ind_0_17":68.5,"ind_65p":21}},{"type":"Feature","geometry":{"type":"Polygon","coordinates":[[[2.5512313842773438,48.775395742984415],[2.5514888763427734,48.77361396120875],[2.5487852096557617,48.77341598155235],[2.548527717590332,48.77522605220648],[2.5512313842773438,48.775395742984415]]]},"id":1059988529,"properties":{"GEO":"CRS3035RES200mN2878800E3774200","GEO_OBJECT":"C200M","OBS_STATUS":"A","lcog_geo":"94053","ind":474.5,"men":278,"men_pauv":21,"men_1ind":150,"men_5ind":0,"men_prop":177,"men_fmp":39,"ind_snv":11672169.9,"men_surf":15938,"men_coll":275,"men_mais":3,"log_soc":30,"ind_inc":0,"log":278,"ind_0_17":76.5,"ind_65p":78}},{"type":"Feature","geometry":{"type":"Polygon","coordinates":[[[2.554192543029785,48.7737836574357],[2.554450035095215,48.77200181844512],[2.551746368408203,48.771832116195526],[2.5514888763427734,48.77361396120875],[2.554192543029785,48.7737836574357]]]},"id":1059987750,"properties":{"GEO":"CRS3035RES200mN2878600E3774400","GEO_OBJECT":"C200M","OBS_STATUS":"I","lcog_geo":"94053","ind":2,"men":0.8,"men_pauv":0,"men_1ind":0.2,"men_5ind":0.1,"men_prop":0.6,"men_fmp":0.1,"ind_snv":62401.4,"men_surf":73,"men_coll":0.2,"men_mais":0.6,"log_soc":0,"ind_inc":0,"log":0.8,"ind_0_17":0.4,"ind_65p":0.5}},{"type":"Feature","geometry":{"type":"Polygon","coordinates":[[[2.5804996490478516,48.780966938279846],[2.5807571411132812,48.779185354243566],[2.5780534744262695,48.778987396558335],[2.5777530670166016,48.78079726633416],[2.5804996490478516,48.780966938279846]]]},"id":1059990157,"properties":{"GEO":"CRS3035RES200mN2879200E3776400","GEO_OBJECT":"C200M","OBS_STATUS":"A","lcog_geo":"94060","ind":144,"men":68,"men_pauv":8,"men_1ind":31,"men_5ind":4,"men_prop":45,"men_fmp":4,"ind_snv":3579327.9,"men_surf":3757,"men_coll":57,"men_mais":11,"log_soc":0,"ind_inc":0,"log":68,"ind_0_17":28,"ind_65p":11}},{"type":"Feature","geometry":{"type":"Polygon","coordinates":[[[2.5777530670166016,48.78079726633416],[2.5780534744262695,48.778987396558335],[2.575349807739258,48.778817717921044],[2.57504940032959,48.78059931500593],[2.5777530670166016,48.78079726633416]]]},"id":1059990156,"properties":{"GEO":"CRS3035RES200mN2879200E3776200","GEO_OBJECT":"C200M","OBS_STATUS":"A","lcog_geo":"94060","ind":34.5,"men":13,"men_pauv":0,"men_1ind":1,"men_5ind":1,"men_prop":9,"men_fmp":3,"ind_snv":863390.8,"men_surf":1027,"men_coll":7,"men_mais":6,"log_soc":0,"ind_inc":0,"log":13,"ind_0_17":6.5,"ind_65p":6}},{"type":"Feature","geometry":{"type":"Polygon","coordinates":[[[2.5801992416381836,48.78274845908072],[2.5804996490478516,48.780966938279846],[2.5777530670166016,48.78079726633416],[2.577495574951172,48.782578793157455],[2.5801992416381836,48.78274845908072]]]},"id":1059990993,"properties":{"GEO":"CRS3035RES200mN2879400E3776400","GEO_OBJECT":"C200M","OBS_STATUS":"A","lcog_geo":"94060","ind":132.5,"men":58,"men_pauv":4,"men_1ind":22,"men_5ind":4,"men_prop":38,"men_fmp":8,"ind_snv":3536103.8,"men_surf":4237,"men_coll":39,"men_mais":19,"log_soc":0,"ind_inc":0,"log":58,"ind_0_17":28,"ind_65p":13}},{"type":"Feature","geometry":{"type":"Polygon","coordinates":[[[2.579941749572754,48.78455819324117],[2.5801992416381836,48.78274845908072],[2.577495574951172,48.782578793157455],[2.577238082885742,48.7843602567458],[2.579941749572754,48.78455819324117]]]},"id":1059991852,"properties":{"GEO":"CRS3035RES200mN2879600E3776400","GEO_OBJECT":"C200M","OBS_STATUS":"A","lcog_geo":"94060","ind":161.5,"men":62,"men_pauv":8,"men_1ind":15,"men_5ind":5,"men_prop":34,"men_fmp":9,"ind_snv":4193347.8,"men_surf":4993,"men_coll":30,"men_mais":32,"log_soc":0,"ind_inc":0,"log":62,"ind_0_17":46.5,"ind_65p":7}},{"type":"Feature","geometry":{"type":"Polygon","coordinates":[[[2.577238082885742,48.7843602567458],[2.577495574951172,48.782578793157455],[2.57479190826416,48.782380848855354],[2.5745344161987305,48.784190596271316],[2.577238082885742,48.7843602567458]]]},"id":1059991851,"properties":{"GEO":"CRS3035RES200mN2879600E3776200","GEO_OBJECT":"C200M","OBS_STATUS":"A","lcog_geo":"94060","ind":51,"men":18,"men_pauv":1,"men_1ind":3,"men_5ind":2,"men_prop":12,"men_fmp":0,"ind_snv":1466814.3,"men_surf":2144,"men_coll":0,"men_mais":18,"log_soc":4,"ind_inc":0,"log":18,"ind_0_17":8,"ind_65p":8}},{"type":"Feature","geometry":{"type":"Polygon","coordinates":[[[2.579684257507324,48.78633958656911],[2.579941749572754,48.78455819324117],[2.577238082885742,48.7843602567458],[2.5769805908203125,48.78614165709979],[2.579684257507324,48.78633958656911]]]},"id":1059992683,"properties":{"GEO":"CRS3035RES200mN2879800E3776400","GEO_OBJECT":"C200M","OBS_STATUS":"A","lcog_geo":"94060","ind":257.5,"men":108,"men_pauv":11,"men_1ind":29,"men_5ind":5,"men_prop":55,"men_fmp":23,"ind_snv":6623707,"men_surf":6900,"men_coll":74,"men_mais":34,"log_soc":0,"ind_inc":0,"log":108,"ind_0_17":74,"ind_65p":16}},{"type":"Feature","geometry":{"type":"Polygon","coordinates":[[[2.577495574951172,48.782578793157455],[2.5777530670166016,48.78079726633416],[2.57504940032959,48.78059931500593],[2.57479190826416,48.782380848855354],[2.577495574951172,48.782578793157455]]]},"id":1059990992,"properties":{"GEO":"CRS3035RES200mN2879400E3776200","GEO_OBJECT":"C200M","OBS_STATUS":"A","lcog_geo":"94060","ind":237.5,"men":82,"men_pauv":7,"men_1ind":15,"men_5ind":12,"men_prop":46,"men_fmp":16,"ind_snv":6307964.2,"men_surf":8029,"men_coll":31,"men_mais":51,"log_soc":2,"ind_inc":0,"log":82,"ind_0_17":67,"ind_65p":17}},{"type":"Feature","geometry":{"type":"Polygon","coordinates":[[[2.57504940032959,48.78059931500593],[2.575349807739258,48.778817717921044],[2.572603225708008,48.77864803871017],[2.572345733642578,48.780429641817534],[2.57504940032959,48.78059931500593]]]},"id":1059990155,"properties":{"GEO":"CRS3035RES200mN2879200E3776000","GEO_OBJECT":"C200M","OBS_STATUS":"I","lcog_geo":"94060","ind":6,"men":2.3,"men_pauv":0.4,"men_1ind":0.6,"men_5ind":0.5,"men_prop":1.9,"men_fmp":0.5,"ind_snv":136257.6,"men_surf":299.9,"men_coll":0.2,"men_mais":2.1,"log_soc":0,"ind_inc":0.1,"log":2.3,"ind_0_17":1.3,"ind_65p":1.2}},{"type":"Feature","geometry":{"type":"Polygon","coordinates":[[[2.5720882415771484,48.78221118168935],[2.572345733642578,48.780429641817534],[2.5696420669555664,48.780231689039454],[2.5693845748901367,48.782041513949764],[2.5720882415771484,48.78221118168935]]]},"id":1059990990,"properties":{"GEO":"CRS3035RES200mN2879400E3775800","GEO_OBJECT":"C200M","OBS_STATUS":"I","lcog_geo":"94060","ind":1,"men":0.4,"men_pauv":0,"men_1ind":0.1,"men_5ind":0,"men_prop":0.2,"men_fmp":0,"ind_snv":23321.5,"men_surf":31.1,"men_coll":0.2,"men_mais":0.2,"log_soc":0,"ind_inc":0,"log":0.4,"ind_0_17":0.1,"ind_65p":0.2}},{"type":"Feature","geometry":{"type":"Polygon","coordinates":[[[2.57479190826416,48.782380848855354],[2.57504940032959,48.78059931500593],[2.572345733642578,48.780429641817534],[2.5720882415771484,48.78221118168935],[2.57479190826416,48.782380848855354]]]},"id":1059990991,"properties":{"GEO":"CRS3035RES200mN2879400E3776000","GEO_OBJECT":"C200M","OBS_STATUS":"I","lcog_geo":"94060","ind":4,"men":1.5,"men_pauv":0.3,"men_1ind":0.4,"men_5ind":0.3,"men_prop":1.3,"men_fmp":0.3,"ind_snv":90838.4,"men_surf":199.9,"men_coll":0.1,"men_mais":1.4,"log_soc":0,"ind_inc":0.1,"log":1.5,"ind_0_17":0.9,"ind_65p":0.8}},{"type":"Feature","geometry":{"type":"Polygon","coordinates":[[[2.5821304321289062,48.78829056385055],[2.582387924194336,48.78650923977861],[2.579684257507324,48.78633958656911],[2.5794267654418945,48.788120916663246],[2.5821304321289062,48.78829056385055]]]},"id":1059993525,"properties":{"GEO":"CRS3035RES200mN2880000E3776600","GEO_OBJECT":"C200M","OBS_STATUS":"A","lcog_geo":"94060","ind":221,"men":81,"men_pauv":17,"men_1ind":21,"men_5ind":9,"men_prop":0,"men_fmp":24,"ind_snv":4203705.9,"men_surf":5484,"men_coll":75,"men_mais":6,"log_soc":64,"ind_inc":0,"log":81,"ind_0_17":88.5,"ind_65p":3}},{"type":"Feature","geometry":{"type":"Polygon","coordinates":[[[2.5766801834106445,48.78795126890245],[2.5769805908203125,48.78614165709979],[2.574276924133301,48.78597200264758],[2.573976516723633,48.78775334578995],[2.5766801834106445,48.78795126890245]]]},"id":1059993524,"properties":{"GEO":"CRS3035RES200mN2880000E3776200","GEO_OBJECT":"C200M","OBS_STATUS":"A","lcog_geo":"94060","ind":162,"men":92,"men_pauv":13,"men_1ind":54,"men_5ind":4,"men_prop":49,"men_fmp":9,"ind_snv":3741796.1,"men_surf":4775,"men_coll":77,"men_mais":15,"log_soc":0,"ind_inc":0,"log":92,"ind_0_17":34,"ind_65p":19}},{"type":"Feature","geometry":{"type":"Polygon","coordinates":[[[2.576422691345215,48.789732541785526],[2.5766801834106445,48.78795126890245],[2.573976516723633,48.78775334578995],[2.573719024658203,48.789534625698906],[2.576422691345215,48.789732541785526]]]},"id":1059994387,"properties":{"GEO":"CRS3035RES200mN2880200E3776200","GEO_OBJECT":"C200M","OBS_STATUS":"A","lcog_geo":"94060","ind":562,"men":216,"men_pauv":42,"men_1ind":63,"men_5ind":22,"men_prop":26,"men_fmp":57,"ind_snv":10409604.7,"men_surf":15402,"men_coll":187,"men_mais":29,"log_soc":187,"ind_inc":1,"log":216,"ind_0_17":156,"ind_65p":60}},{"type":"Feature","geometry":{"type":"Polygon","coordinates":[[[2.5710153579711914,48.789364982717615],[2.571272850036621,48.78758369678647],[2.5685691833496094,48.787385772224155],[2.5683116912841797,48.7891953391628],[2.5710153579711914,48.789364982717615]]]},"id":1059994385,"properties":{"GEO":"CRS3035RES200mN2880200E3775800","GEO_OBJECT":"C200M","OBS_STATUS":"I","lcog_geo":"94060","ind":25,"men":9.2,"men_pauv":1.3,"men_1ind":1.6,"men_5ind":0.3,"men_prop":7.9,"men_fmp":0.7,"ind_snv":814335.4,"men_surf":1241.8,"men_coll":1,"men_mais":8.2,"log_soc":0,"ind_inc":0,"log":9.2,"ind_0_17":5.6,"ind_65p":5.3}},{"type":"Feature","geometry":{"type":"Polygon","coordinates":[[[2.573719024658203,48.789534625698906],[2.573976516723633,48.78775334578995],[2.571272850036621,48.78758369678647],[2.5710153579711914,48.789364982717615],[2.573719024658203,48.789534625698906]]]},"id":1059994386,"properties":{"GEO":"CRS3035RES200mN2880200E3776000","GEO_OBJECT":"C200M","OBS_STATUS":"A","lcog_geo":"94060","ind":60,"men":22,"men_pauv":0,"men_1ind":6,"men_5ind":2,"men_prop":19,"men_fmp":3,"ind_snv":2582982.1,"men_surf":4034,"men_coll":0,"men_mais":22,"log_soc":0,"ind_inc":1,"log":22,"ind_0_17":12,"ind_65p":18}},{"type":"Feature","geometry":{"type":"Polygon","coordinates":[[[2.572345733642578,48.780429641817534],[2.572603225708008,48.77864803871017],[2.569899559020996,48.778450078905905],[2.5696420669555664,48.780231689039454],[2.572345733642578,48.780429641817534]]]},"id":1059990154,"properties":{"GEO":"CRS3035RES200mN2879200E3775800","GEO_OBJECT":"C200M","OBS_STATUS":"I","lcog_geo":"94060","ind":3,"men":1.3,"men_pauv":0.1,"men_1ind":0.4,"men_5ind":0,"men_prop":0.7,"men_fmp":0.1,"ind_snv":69964.6,"men_surf":93.4,"men_coll":0.6,"men_mais":0.7,"log_soc":0,"ind_inc":0,"log":1.2999999999999998,"ind_0_17":0.2,"ind_65p":0.5}},{"type":"Feature","geometry":{"type":"Polygon","coordinates":[[[2.569127082824707,48.78382299660893],[2.5693845748901367,48.782041513949764],[2.566680908203125,48.78184356752871],[2.566380500793457,48.78362505721398],[2.569127082824707,48.78382299660893]]]},"id":1059991850,"properties":{"GEO":"CRS3035RES200mN2879600E3775600","GEO_OBJECT":"C200M","OBS_STATUS":"I","lcog_geo":"94060","ind":3,"men":1.3,"men_pauv":0.1,"men_1ind":0.4,"men_5ind":0,"men_prop":0.7,"men_fmp":0.1,"ind_snv":69964.6,"men_surf":93.4,"men_coll":0.6,"men_mais":0.7,"log_soc":0,"ind_inc":0,"log":1.2999999999999998,"ind_0_17":0.2,"ind_65p":0.5}},{"type":"Feature","geometry":{"type":"Polygon","coordinates":[[[2.5639772415161133,48.781673898546444],[2.564234733581543,48.779892339603634],[2.5615310668945312,48.77969438470657],[2.5612306594848633,48.78147595067554],[2.5639772415161133,48.781673898546444]]]},"id":1059990989,"properties":{"GEO":"CRS3035RES200mN2879400E3775200","GEO_OBJECT":"C200M","OBS_STATUS":"I","lcog_geo":"94053","ind":3,"men":1.3,"men_pauv":0.1,"men_1ind":0.4,"men_5ind":0,"men_prop":0.7,"men_fmp":0.1,"ind_snv":69964.6,"men_surf":93.4,"men_coll":0.6,"men_mais":0.7,"log_soc":0,"ind_inc":0,"log":1.2999999999999998,"ind_0_17":0.2,"ind_65p":0.5}},{"type":"Feature","geometry":{"type":"Polygon","coordinates":[[[2.5661230087280273,48.78543475976511],[2.566380500793457,48.78362505721398],[2.5636768341064453,48.78345539425405],[2.5634193420410156,48.78523682672704],[2.5661230087280273,48.78543475976511]]]},"id":1059992682,"properties":{"GEO":"CRS3035RES200mN2879800E3775400","GEO_OBJECT":"C200M","OBS_STATUS":"I","lcog_geo":"9406094053","ind":3,"men":1.3,"men_pauv":0.1,"men_1ind":0.4,"men_5ind":0,"men_prop":0.7,"men_fmp":0.1,"ind_snv":69964.6,"men_surf":93.4,"men_coll":0.6,"men_mais":0.7,"log_soc":0,"ind_inc":0,"log":1.2999999999999998,"ind_0_17":0.2,"ind_65p":0.5}},{"type":"Feature","geometry":{"type":"Polygon","coordinates":[[[2.563161849975586,48.78704647115822],[2.5634193420410156,48.78523682672704],[2.560715675354004,48.78506716921589],[2.560458183288574,48.78684854447698],[2.563161849975586,48.78704647115822]]]},"id":1059993523,"properties":{"GEO":"CRS3035RES200mN2880000E3775200","GEO_OBJECT":"C200M","OBS_STATUS":"I","lcog_geo":"9405394060","ind":2,"men":0.7,"men_pauv":0.1,"men_1ind":0.1,"men_5ind":0,"men_prop":0.6,"men_fmp":0.1,"ind_snv":65146.8,"men_surf":99.3,"men_coll":0.1,"men_mais":0.6,"log_soc":0,"ind_inc":0,"log":0.7,"ind_0_17":0.4,"ind_65p":0.5}},{"type":"Feature","geometry":{"type":"Polygon","coordinates":[[[2.5629043579101562,48.78882777615976],[2.563161849975586,48.78704647115822],[2.560458183288574,48.78684854447698],[2.5601577758789062,48.78862985650443],[2.5629043579101562,48.78882777615976]]]},"id":1059994383,"properties":{"GEO":"CRS3035RES200mN2880200E3775200","GEO_OBJECT":"C200M","OBS_STATUS":"I","lcog_geo":"940609405594053","ind":8,"men":2.9,"men_pauv":0.4,"men_1ind":0.5,"men_5ind":0.1,"men_prop":2.5,"men_fmp":0.2,"ind_snv":260587.3,"men_surf":397.4,"men_coll":0.3,"men_mais":2.6,"log_soc":0,"ind_inc":0,"log":2.9,"ind_0_17":1.8,"ind_65p":1.7}},{"type":"Feature","geometry":{"type":"Polygon","coordinates":[[[2.565608024597168,48.78899742095726],[2.5658655166625977,48.78721612197796],[2.563161849975586,48.78704647115822],[2.5629043579101562,48.78882777615976],[2.565608024597168,48.78899742095726]]]},"id":1059994384,"properties":{"GEO":"CRS3035RES200mN2880200E3775400","GEO_OBJECT":"C200M","OBS_STATUS":"I","lcog_geo":"94060","ind":1,"men":0.4,"men_pauv":0.1,"men_1ind":0.1,"men_5ind":0,"men_prop":0.3,"men_fmp":0,"ind_snv":32573.4,"men_surf":49.7,"men_coll":0.1,"men_mais":0.3,"log_soc":0,"ind_inc":0,"log":0.4,"ind_0_17":0.2,"ind_65p":0.2}},{"type":"Feature","geometry":{"type":"Polygon","coordinates":[[[2.5612306594848633,48.78147595067554],[2.5615310668945312,48.77969438470657],[2.5588274002075195,48.77952470845912],[2.5585269927978516,48.78130628045051],[2.5612306594848633,48.78147595067554]]]},"id":1059990988,"properties":{"GEO":"CRS3035RES200mN2879400E3775000","GEO_OBJECT":"C200M","OBS_STATUS":"I","lcog_geo":"94053","ind":4,"men":1.8,"men_pauv":0.2,"men_1ind":0.5,"men_5ind":0,"men_prop":1,"men_fmp":0.2,"ind_snv":93286.2,"men_surf":124.5,"men_coll":0.8,"men_mais":1,"log_soc":0,"ind_inc":0,"log":1.7999999999999998,"ind_0_17":0.4,"ind_65p":0.6}},{"type":"Feature","geometry":{"type":"Polygon","coordinates":[[[2.554492950439453,48.79007182468919],[2.554750442504883,48.78829056385055],[2.552046775817871,48.78809264207629],[2.5517892837524414,48.789873909940866],[2.554492950439453,48.79007182468919]]]},"id":1059995198,"properties":{"GEO":"CRS3035RES200mN2880400E3774600","GEO_OBJECT":"C200M","OBS_STATUS":"I","lcog_geo":"94055","ind":9,"men":3.7,"men_pauv":0,"men_1ind":0.8,"men_5ind":0.4,"men_prop":3.1,"men_fmp":0.4,"ind_snv":338553.3,"men_surf":450.2,"men_coll":0,"men_mais":3.7,"log_soc":0,"ind_inc":0,"log":3.7,"ind_0_17":2,"ind_65p":2.2}},{"type":"Feature","geometry":{"type":"Polygon","coordinates":[[[2.5517892837524414,48.789873909940866],[2.552046775817871,48.78809264207629],[2.5493431091308594,48.78792299421988],[2.5490856170654297,48.78970426810665],[2.5517892837524414,48.789873909940866]]]},"id":1059995197,"properties":{"GEO":"CRS3035RES200mN2880400E3774400","GEO_OBJECT":"C200M","OBS_STATUS":"A","lcog_geo":"94055","ind":113,"men":25,"men_pauv":1,"men_1ind":1,"men_5ind":11,"men_prop":25,"men_fmp":1,"ind_snv":3650778.5,"men_surf":3217,"men_coll":0,"men_mais":25,"log_soc":0,"ind_inc":0,"log":25,"ind_0_17":52,"ind_65p":6}},{"type":"Feature","geometry":{"type":"Polygon","coordinates":[[[2.5490856170654297,48.78970426810665],[2.5493431091308594,48.78792299421988],[2.5466394424438477,48.78772507099586],[2.5463390350341797,48.789534625698906],[2.5490856170654297,48.78970426810665]]]},"id":1059995196,"properties":{"GEO":"CRS3035RES200mN2880400E3774200","GEO_OBJECT":"C200M","OBS_STATUS":"A","lcog_geo":"94055","ind":145,"men":45,"men_pauv":1,"men_1ind":3,"men_5ind":2,"men_prop":40,"men_fmp":3,"ind_snv":5501220.7,"men_surf":5517,"men_coll":5,"men_mais":40,"log_soc":0,"ind_inc":0,"log":45,"ind_0_17":45,"ind_65p":14}},{"type":"Feature","geometry":{"type":"Polygon","coordinates":[[[2.5414466857910156,48.74945468048924],[2.5417041778564453,48.74767197820472],[2.5390005111694336,48.74747389626913],[2.538743019104004,48.749256605580825],[2.5414466857910156,48.74945468048924]]]},"id":1059977735,"properties":{"GEO":"CRS3035RES200mN2876000E3773200","GEO_OBJECT":"C200M","OBS_STATUS":"I","lcog_geo":"94004","ind":10,"men":3.4,"men_pauv":0.3,"men_1ind":0.5,"men_5ind":0.5,"men_prop":2.9,"men_fmp":0.5,"ind_snv":253888.9,"men_surf":299,"men_coll":0.4,"men_mais":3,"log_soc":0,"ind_inc":0,"log":3.4,"ind_0_17":2.5,"ind_65p":2.1}},{"type":"Feature","geometry":{"type":"Polygon","coordinates":[[[2.5333356857299805,48.748888750107966],[2.53359317779541,48.7471060277457],[2.5308895111083984,48.74693624136512],[2.5306320190429688,48.74871896975071],[2.5333356857299805,48.748888750107966]]]},"id":1059977734,"properties":{"GEO":"CRS3035RES200mN2876000E3772600","GEO_OBJECT":"C200M","OBS_STATUS":"I","lcog_geo":"94004","ind":3,"men":1.3,"men_pauv":0,"men_1ind":0.2,"men_5ind":0,"men_prop":0.9,"men_fmp":0.1,"ind_snv":76160.9,"men_surf":103.6,"men_coll":0,"men_mais":1.3,"log_soc":0,"ind_inc":0,"log":1.3,"ind_0_17":0.5,"ind_65p":0.4}},{"type":"Feature","geometry":{"type":"Polygon","coordinates":[[[2.516813278198242,48.749596162088636],[2.517070770263672,48.747813464823565],[2.51436710357666,48.74761538344566],[2.5141096115112305,48.74942638412156],[2.516813278198242,48.749596162088636]]]},"id":1059978528,"properties":{"GEO":"CRS3035RES200mN2876200E3771400","GEO_OBJECT":"C200M","OBS_STATUS":"I","lcog_geo":"94004","ind":3.5,"men":1.2,"men_pauv":0,"men_1ind":0.1,"men_5ind":0,"men_prop":1,"men_fmp":0.2,"ind_snv":107087,"men_surf":125,"men_coll":0.1,"men_mais":1.1,"log_soc":0,"ind_inc":0,"log":1.2,"ind_0_17":1,"ind_65p":0.6}},{"type":"Feature","geometry":{"type":"Polygon","coordinates":[[[2.5141096115112305,48.74942638412156],[2.51436710357666,48.74761538344566],[2.5116634368896484,48.747445598786015],[2.5114059448242188,48.749228309101596],[2.5141096115112305,48.74942638412156]]]},"id":1059978527,"properties":{"GEO":"CRS3035RES200mN2876200E3771200","GEO_OBJECT":"C200M","OBS_STATUS":"A","lcog_geo":"94004","ind":148,"men":78,"men_pauv":19,"men_1ind":37,"men_5ind":1,"men_prop":5,"men_fmp":10,"ind_snv":3165765.1,"men_surf":4182,"men_coll":72,"men_mais":6,"log_soc":0,"ind_inc":0,"log":78,"ind_0_17":28,"ind_65p":11}},{"type":"Feature","geometry":{"type":"Polygon","coordinates":[[[2.5114059448242188,48.749228309101596],[2.5116634368896484,48.747445598786015],[2.5089597702026367,48.74724751595804],[2.508702278137207,48.74905852989161],[2.5114059448242188,48.749228309101596]]]},"id":1059978526,"properties":{"GEO":"CRS3035RES200mN2876200E3771000","GEO_OBJECT":"C200M","OBS_STATUS":"A","lcog_geo":"94004","ind":259.5,"men":140,"men_pauv":14,"men_1ind":72,"men_5ind":6,"men_prop":59,"men_fmp":11,"ind_snv":6634683.3,"men_surf":8358,"men_coll":120,"men_mais":20,"log_soc":0,"ind_inc":0,"log":140,"ind_0_17":46.5,"ind_65p":35}},{"type":"Feature","geometry":{"type":"Polygon","coordinates":[[[2.51436710357666,48.74761538344566],[2.51462459564209,48.745832615908284],[2.511920928955078,48.745662825225224],[2.5116634368896484,48.747445598786015],[2.51436710357666,48.74761538344566]]]},"id":1059977733,"properties":{"GEO":"CRS3035RES200mN2876000E3771200","GEO_OBJECT":"C200M","OBS_STATUS":"A","lcog_geo":"94004","ind":270,"men":114,"men_pauv":18,"men_1ind":36,"men_5ind":8,"men_prop":39,"men_fmp":24,"ind_snv":5719435.5,"men_surf":6629,"men_coll":93,"men_mais":21,"log_soc":50,"ind_inc":0,"log":114,"ind_0_17":83,"ind_65p":12}},{"type":"Feature","geometry":{"type":"Polygon","coordinates":[[[2.5116634368896484,48.747445598786015],[2.511920928955078,48.745662825225224],[2.5092172622680664,48.74546473536998],[2.5089597702026367,48.74724751595804],[2.5116634368896484,48.747445598786015]]]},"id":1059977732,"properties":{"GEO":"CRS3035RES200mN2876000E3771000","GEO_OBJECT":"C200M","OBS_STATUS":"A","lcog_geo":"9400494044","ind":111.5,"men":34,"men_pauv":4,"men_1ind":7,"men_5ind":8,"men_prop":11,"men_fmp":7,"ind_snv":2141200.5,"men_surf":2671,"men_coll":22,"men_mais":12,"log_soc":21,"ind_inc":0,"log":34,"ind_0_17":40.5,"ind_65p":13}},{"type":"Feature","geometry":{"type":"Polygon","coordinates":[[[2.508702278137207,48.74905852989161],[2.5089597702026367,48.74724751595804],[2.506256103515625,48.74707773005545],[2.5059986114501953,48.7488604534216],[2.508702278137207,48.74905852989161]]]},"id":1059978525,"properties":{"GEO":"CRS3035RES200mN2876200E3770800","GEO_OBJECT":"C200M","OBS_STATUS":"A","lcog_geo":"94004","ind":118.5,"men":42,"men_pauv":2,"men_1ind":10,"men_5ind":4,"men_prop":35,"men_fmp":5,"ind_snv":3883516.6,"men_surf":5094,"men_coll":2,"men_mais":40,"log_soc":0,"ind_inc":1,"log":42,"ind_0_17":29.5,"ind_65p":19}},{"type":"Feature","geometry":{"type":"Polygon","coordinates":[[[2.5089597702026367,48.74724751595804],[2.5092172622680664,48.74546473536998],[2.5065135955810547,48.745294943444065],[2.506256103515625,48.74707773005545],[2.5089597702026367,48.74724751595804]]]},"id":1059977731,"properties":{"GEO":"CRS3035RES200mN2876000E3770800","GEO_OBJECT":"C200M","OBS_STATUS":"A","lcog_geo":"9400494044","ind":73,"men":26,"men_pauv":1,"men_1ind":5,"men_5ind":4,"men_prop":24,"men_fmp":2,"ind_snv":2224393.5,"men_surf":3267,"men_coll":0,"men_mais":26,"log_soc":0,"ind_inc":0,"log":26,"ind_0_17":12,"ind_65p":27}},{"type":"Feature","geometry":{"type":"Polygon","coordinates":[[[2.5059986114501953,48.7488604534216],[2.506256103515625,48.74707773005545],[2.5035524368286133,48.74690794357923],[2.5032520294189453,48.748690672968706],[2.5059986114501953,48.7488604534216]]]},"id":1059978524,"properties":{"GEO":"CRS3035RES200mN2876200E3770600","GEO_OBJECT":"C200M","OBS_STATUS":"A","lcog_geo":"94004","ind":511,"men":217,"men_pauv":35,"men_1ind":81,"men_5ind":23,"men_prop":50,"men_fmp":50,"ind_snv":10518071.5,"men_surf":13726,"men_coll":189,"men_mais":28,"log_soc":145,"ind_inc":0,"log":217,"ind_0_17":145,"ind_65p":71}},{"type":"Feature","geometry":{"type":"Polygon","coordinates":[[[2.5029945373535156,48.7504733391134],[2.5032520294189453,48.748690672968706],[2.5005483627319336,48.748492595048674],[2.500290870666504,48.75030356411014],[2.5029945373535156,48.7504733391134]]]},"id":1059979311,"properties":{"GEO":"CRS3035RES200mN2876400E3770400","GEO_OBJECT":"C200M","OBS_STATUS":"A","lcog_geo":"9400494044","ind":95.5,"men":38,"men_pauv":4,"men_1ind":9,"men_5ind":2,"men_prop":32,"men_fmp":3,"ind_snv":2609254.8,"men_surf":3485,"men_coll":4,"men_mais":34,"log_soc":0,"ind_inc":0,"log":38,"ind_0_17":14,"ind_65p":24}},{"type":"Feature","geometry":{"type":"Polygon","coordinates":[[[2.5032520294189453,48.748690672968706],[2.5035524368286133,48.74690794357923],[2.5008487701416016,48.74670985863193],[2.5005483627319336,48.748492595048674],[2.5032520294189453,48.748690672968706]]]},"id":1059978523,"properties":{"GEO":"CRS3035RES200mN2876200E3770400","GEO_OBJECT":"C200M","OBS_STATUS":"A","lcog_geo":"9400494044","ind":473.5,"men":176,"men_pauv":22,"men_1ind":54,"men_5ind":24,"men_prop":20,"men_fmp":41,"ind_snv":9781324.3,"men_surf":12548,"men_coll":154,"men_mais":22,"log_soc":154,"ind_inc":0,"log":176,"ind_0_17":134,"ind_65p":38}},{"type":"Feature","geometry":{"type":"Polygon","coordinates":[[[2.5005483627319336,48.748492595048674],[2.5008487701416016,48.74670985863193],[2.49814510345459,48.74654007091277],[2.497844696044922,48.74832281335284],[2.5005483627319336,48.748492595048674]]]},"id":1059978522,"properties":{"GEO":"CRS3035RES200mN2876200E3770200","GEO_OBJECT":"C200M","OBS_STATUS":"A","lcog_geo":"94044","ind":141,"men":39,"men_pauv":4,"men_1ind":4,"men_5ind":11,"men_prop":35,"men_fmp":2,"ind_snv":3656977.6,"men_surf":4162,"men_coll":0,"men_mais":39,"log_soc":0,"ind_inc":2,"log":39,"ind_0_17":39,"ind_65p":23}},{"type":"Feature","geometry":{"type":"Polygon","coordinates":[[[2.500290870666504,48.75030356411014],[2.5005483627319336,48.748492595048674],[2.497844696044922,48.74832281335284],[2.497587203979492,48.750105492548016],[2.500290870666504,48.75030356411014]]]},"id":1059979310,"properties":{"GEO":"CRS3035RES200mN2876400E3770200","GEO_OBJECT":"C200M","OBS_STATUS":"A","lcog_geo":"94044","ind":224,"men":75,"men_pauv":7,"men_1ind":6,"men_5ind":8,"men_prop":52,"men_fmp":10,"ind_snv":5843617.6,"men_surf":6547,"men_coll":2,"men_mais":73,"log_soc":21,"ind_inc":0,"log":75,"ind_0_17":47,"ind_65p":41}},{"type":"Feature","geometry":{"type":"Polygon","coordinates":[[[2.497587203979492,48.750105492548016],[2.497844696044922,48.74832281335284],[2.49514102935791,48.748124733982706],[2.4948835372924805,48.74993571630185],[2.497587203979492,48.750105492548016]]]},"id":1059979309,"properties":{"GEO":"CRS3035RES200mN2876400E3770000","GEO_OBJECT":"C200M","OBS_STATUS":"A","lcog_geo":"94044","ind":169,"men":66,"men_pauv":5,"men_1ind":17,"men_5ind":5,"men_prop":56,"men_fmp":4,"ind_snv":4501217,"men_surf":5735,"men_coll":10,"men_mais":56,"log_soc":0,"ind_inc":0,"log":66,"ind_0_17":31.5,"ind_65p":39}},{"type":"Feature","geometry":{"type":"Polygon","coordinates":[[[2.497844696044922,48.74832281335284],[2.49814510345459,48.74654007091277],[2.49539852142334,48.746341984515425],[2.49514102935791,48.748124733982706],[2.497844696044922,48.74832281335284]]]},"id":1059978521,"properties":{"GEO":"CRS3035RES200mN2876200E3770000","GEO_OBJECT":"C200M","OBS_STATUS":"A","lcog_geo":"94044","ind":143.5,"men":44,"men_pauv":2,"men_1ind":9,"men_5ind":12,"men_prop":38,"men_fmp":2,"ind_snv":4040272.4,"men_surf":4715,"men_coll":4,"men_mais":40,"log_soc":1,"ind_inc":0,"log":44,"ind_0_17":30.5,"ind_65p":18}},{"type":"Feature","geometry":{"type":"Polygon","coordinates":[[[2.4948835372924805,48.74993571630185],[2.49514102935791,48.748124733982706],[2.4924373626708984,48.74795495104402],[2.4921798706054688,48.74973764328965],[2.4948835372924805,48.74993571630185]]]},"id":1059979308,"properties":{"GEO":"CRS3035RES200mN2876400E3769800","GEO_OBJECT":"C200M","OBS_STATUS":"A","lcog_geo":"94044","ind":230.5,"men":93,"men_pauv":10,"men_1ind":29,"men_5ind":9,"men_prop":66,"men_fmp":13,"ind_snv":5552902,"men_surf":6943,"men_coll":41,"men_mais":52,"log_soc":0,"ind_inc":0,"log":93,"ind_0_17":47.5,"ind_65p":22}},{"type":"Feature","geometry":{"type":"Polygon","coordinates":[[[2.49514102935791,48.748124733982706],[2.49539852142334,48.746341984515425],[2.492694854736328,48.746172195553385],[2.4924373626708984,48.74795495104402],[2.49514102935791,48.748124733982706]]]},"id":1059978520,"properties":{"GEO":"CRS3035RES200mN2876200E3769800","GEO_OBJECT":"C200M","OBS_STATUS":"A","lcog_geo":"94044","ind":177,"men":71,"men_pauv":9,"men_1ind":27,"men_5ind":7,"men_prop":48,"men_fmp":5,"ind_snv":4099463.5,"men_surf":5152,"men_coll":36,"men_mais":35,"log_soc":0,"ind_inc":0,"log":71,"ind_0_17":43,"ind_65p":28}},{"type":"Feature","geometry":{"type":"Polygon","coordinates":[[[2.5435924530029297,48.753217955398384],[2.5438928604125977,48.75140709137736],[2.541189193725586,48.75123731952917],[2.540888786315918,48.753019895325],[2.5435924530029297,48.753217955398384]]]},"id":1059979324,"properties":{"GEO":"CRS3035RES200mN2876400E3773400","GEO_OBJECT":"C200M","OBS_STATUS":"A","lcog_geo":"94004","ind":83,"men":34,"men_pauv":1,"men_1ind":6,"men_5ind":1,"men_prop":33,"men_fmp":3,"ind_snv":2635548.7,"men_surf":2881,"men_coll":0,"men_mais":34,"log_soc":0,"ind_inc":0,"log":34,"ind_0_17":13,"ind_65p":32}},{"type":"Feature","geometry":{"type":"Polygon","coordinates":[[[2.5484848022460938,48.757150700884836],[2.5487422943115234,48.7553682716526],[2.5460386276245117,48.75517022005627],[2.545781135559082,48.75695265631546],[2.5484848022460938,48.757150700884836]]]},"id":1059980840,"properties":{"GEO":"CRS3035RES200mN2876800E3773800","GEO_OBJECT":"C200M","OBS_STATUS":"A","lcog_geo":"94071","ind":180,"men":73,"men_pauv":3,"men_1ind":18,"men_5ind":4,"men_prop":69,"men_fmp":4,"ind_snv":5631167.6,"men_surf":7813,"men_coll":0,"men_mais":73,"log_soc":0,"ind_inc":0,"log":73,"ind_0_17":30,"ind_65p":57}},{"type":"Feature","geometry":{"type":"Polygon","coordinates":[[[2.5430774688720703,48.75678290320599],[2.5433349609375,48.755000460923696],[2.5406312942504883,48.75480240787732],[2.5403738021850586,48.756613149522906],[2.5430774688720703,48.75678290320599]]]},"id":1059980838,"properties":{"GEO":"CRS3035RES200mN2876800E3773400","GEO_OBJECT":"C200M","OBS_STATUS":"A","lcog_geo":"9407194004","ind":141.5,"men":47,"men_pauv":1,"men_1ind":3,"men_5ind":3,"men_prop":47,"men_fmp":4,"ind_snv":5446086.3,"men_surf":6473,"men_coll":0,"men_mais":47,"log_soc":0,"ind_inc":0,"log":47,"ind_0_17":30.5,"ind_65p":31}},{"type":"Feature","geometry":{"type":"Polygon","coordinates":[[[2.541189193725586,48.75123731952917],[2.5414466857910156,48.74945468048924],[2.538743019104004,48.749256605580825],[2.538485527038574,48.75106754710731],[2.541189193725586,48.75123731952917]]]},"id":1059978531,"properties":{"GEO":"CRS3035RES200mN2876200E3773200","GEO_OBJECT":"C200M","OBS_STATUS":"A","lcog_geo":"94004","ind":330.5,"men":128,"men_pauv":2,"men_1ind":33,"men_5ind":8,"men_prop":117,"men_fmp":14,"ind_snv":9272517.3,"men_surf":10351,"men_coll":69,"men_mais":59,"log_soc":0,"ind_inc":0,"log":128,"ind_0_17":82.5,"ind_65p":44}},{"type":"Feature","geometry":{"type":"Polygon","coordinates":[[[2.5441503524780273,48.7496244583607],[2.544407844543457,48.74784176209951],[2.5417041778564453,48.74767197820472],[2.5414466857910156,48.74945468048924],[2.5441503524780273,48.7496244583607]]]},"id":1059977736,"properties":{"GEO":"CRS3035RES200mN2876000E3773400","GEO_OBJECT":"C200M","OBS_STATUS":"I","lcog_geo":"9400494048","ind":9,"men":3,"men_pauv":0.3,"men_1ind":0.4,"men_5ind":0.4,"men_prop":2.6,"men_fmp":0.4,"ind_snv":228500.1,"men_surf":269.1,"men_coll":0.3,"men_mais":2.7,"log_soc":0,"ind_inc":0,"log":3,"ind_0_17":2.3,"ind_65p":1.9}},{"type":"Feature","geometry":{"type":"Polygon","coordinates":[[[2.5438928604125977,48.75140709137736],[2.5441503524780273,48.7496244583607],[2.5414466857910156,48.74945468048924],[2.541189193725586,48.75123731952917],[2.5438928604125977,48.75140709137736]]]},"id":1059978532,"properties":{"GEO":"CRS3035RES200mN2876200E3773400","GEO_OBJECT":"C200M","OBS_STATUS":"A","lcog_geo":"94004","ind":69,"men":26,"men_pauv":1,"men_1ind":6,"men_5ind":3,"men_prop":26,"men_fmp":2,"ind_snv":1846212.1,"men_surf":2253,"men_coll":0,"men_mais":26,"log_soc":0,"ind_inc":0,"log":26,"ind_0_17":13,"ind_65p":13}},{"type":"Feature","geometry":{"type":"Polygon","coordinates":[[[2.540888786315918,48.753019895325],[2.541189193725586,48.75123731952917],[2.538485527038574,48.75106754710731],[2.5381851196289062,48.75285012892638],[2.540888786315918,48.753019895325]]]},"id":1059979323,"properties":{"GEO":"CRS3035RES200mN2876400E3773200","GEO_OBJECT":"C200M","OBS_STATUS":"A","lcog_geo":"94004","ind":170,"men":56,"men_pauv":1,"men_1ind":6,"men_5ind":9,"men_prop":54,"men_fmp":5,"ind_snv":4806452,"men_surf":5248,"men_coll":0,"men_mais":56,"log_soc":0,"ind_inc":0,"log":56,"ind_0_17":33,"ind_65p":43}},{"type":"Feature","geometry":{"type":"Polygon","coordinates":[[[2.5379276275634766,48.754632647501865],[2.5381851196289062,48.75285012892638],[2.5354814529418945,48.75265206740298],[2.535223960876465,48.75446288655277],[2.5379276275634766,48.754632647501865]]]},"id":1059980113,"properties":{"GEO":"CRS3035RES200mN2876600E3773000","GEO_OBJECT":"C200M","OBS_STATUS":"A","lcog_geo":"9400494071","ind":148,"men":52,"men_pauv":4,"men_1ind":7,"men_5ind":5,"men_prop":46,"men_fmp":4,"ind_snv":4236559.6,"men_surf":5779,"men_coll":1,"men_mais":51,"log_soc":0,"ind_inc":0,"log":52,"ind_0_17":36,"ind_65p":26}},{"type":"Feature","geometry":{"type":"Polygon","coordinates":[[[2.5403738021850586,48.756613149522906],[2.5406312942504883,48.75480240787732],[2.5379276275634766,48.754632647501865],[2.537670135498047,48.75641510283427],[2.5403738021850586,48.756613149522906]]]},"id":1059980837,"properties":{"GEO":"CRS3035RES200mN2876800E3773200","GEO_OBJECT":"C200M","OBS_STATUS":"A","lcog_geo":"9407194004","ind":89.5,"men":35,"men_pauv":1,"men_1ind":8,"men_5ind":3,"men_prop":30,"men_fmp":3,"ind_snv":3294133.6,"men_surf":4185,"men_coll":3,"men_mais":32,"log_soc":0,"ind_inc":0,"log":35,"ind_0_17":17.5,"ind_65p":17}},{"type":"Feature","geometry":{"type":"Polygon","coordinates":[[[2.5406312942504883,48.75480240787732],[2.540888786315918,48.753019895325],[2.5381851196289062,48.75285012892638],[2.5379276275634766,48.754632647501865],[2.5406312942504883,48.75480240787732]]]},"id":1059980114,"properties":{"GEO":"CRS3035RES200mN2876600E3773200","GEO_OBJECT":"C200M","OBS_STATUS":"I","lcog_geo":"94004","ind":78,"men":26.3,"men_pauv":2.3,"men_1ind":3.9,"men_5ind":3.9,"men_prop":22.4,"men_fmp":3.9,"ind_snv":1980333.8,"men_surf":2332.3,"men_coll":3.1,"men_mais":23.2,"log_soc":0,"ind_inc":0,"log":26.300000000000004,"ind_0_17":19.4,"ind_65p":16.2}},{"type":"Feature","geometry":{"type":"Polygon","coordinates":[[[2.550930976867676,48.75913110363646],[2.5511884689331055,48.75732045275146],[2.5484848022460938,48.757150700884836],[2.548227310180664,48.75893306687476],[2.550930976867676,48.75913110363646]]]},"id":1059981573,"properties":{"GEO":"CRS3035RES200mN2877000E3774000","GEO_OBJECT":"C200M","OBS_STATUS":"A","lcog_geo":"94071","ind":74.5,"men":27,"men_pauv":0,"men_1ind":6,"men_5ind":2,"men_prop":27,"men_fmp":2,"ind_snv":2458384.8,"men_surf":2601,"men_coll":1,"men_mais":26,"log_soc":0,"ind_inc":0,"log":27,"ind_0_17":16.5,"ind_65p":22}},{"type":"Feature","geometry":{"type":"Polygon","coordinates":[[[2.550673484802246,48.76091339935772],[2.550930976867676,48.75913110363646],[2.548227310180664,48.75893306687476],[2.5479698181152344,48.76071536962283],[2.550673484802246,48.76091339935772]]]},"id":1059982323,"properties":{"GEO":"CRS3035RES200mN2877200E3774000","GEO_OBJECT":"C200M","OBS_STATUS":"A","lcog_geo":"94071","ind":211,"men":68,"men_pauv":2,"men_1ind":9,"men_5ind":8,"men_prop":60,"men_fmp":4,"ind_snv":6236258.9,"men_surf":6302,"men_coll":3,"men_mais":65,"log_soc":0,"ind_inc":0,"log":68,"ind_0_17":46.5,"ind_65p":37}},{"type":"Feature","geometry":{"type":"Polygon","coordinates":[[[2.550373077392578,48.76269563183769],[2.550673484802246,48.76091339935772],[2.5479698181152344,48.76071536962283],[2.5476694107055664,48.762525898135664],[2.550373077392578,48.76269563183769]]]},"id":1059983114,"properties":{"GEO":"CRS3035RES200mN2877400E3774000","GEO_OBJECT":"C200M","OBS_STATUS":"I","lcog_geo":"94071","ind":25,"men":8.6,"men_pauv":0.7,"men_1ind":0.7,"men_5ind":1.6,"men_prop":8.2,"men_fmp":0.3,"ind_snv":915759.5,"men_surf":1140.5,"men_coll":0.4,"men_mais":8.2,"log_soc":0,"ind_inc":0,"log":8.6,"ind_0_17":4.8,"ind_65p":6}},{"type":"Feature","geometry":{"type":"Polygon","coordinates":[[[2.5479698181152344,48.76071536962283],[2.548227310180664,48.75893306687476],[2.5455236434936523,48.758763320457575],[2.5452661514282227,48.76054562922863],[2.5479698181152344,48.76071536962283]]]},"id":1059982322,"properties":{"GEO":"CRS3035RES200mN2877200E3773800","GEO_OBJECT":"C200M","OBS_STATUS":"A","lcog_geo":"94071","ind":186.5,"men":66,"men_pauv":4,"men_1ind":15,"men_5ind":12,"men_prop":57,"men_fmp":6,"ind_snv":5755746.3,"men_surf":6561,"men_coll":9,"men_mais":57,"log_soc":0,"ind_inc":0,"log":66,"ind_0_17":38.5,"ind_65p":36}},{"type":"Feature","geometry":{"type":"Polygon","coordinates":[[[2.5455236434936523,48.758763320457575],[2.545781135559082,48.75695265631546],[2.5430774688720703,48.75678290320599],[2.5428199768066406,48.758565282245854],[2.5455236434936523,48.758763320457575]]]},"id":1059981572,"properties":{"GEO":"CRS3035RES200mN2877000E3773600","GEO_OBJECT":"C200M","OBS_STATUS":"I","lcog_geo":"94071","ind":5,"men":2,"men_pauv":0,"men_1ind":0.3,"men_5ind":0.2,"men_prop":1,"men_fmp":0.2,"ind_snv":161414.4,"men_surf":202.1,"men_coll":0.8,"men_mais":1.2,"log_soc":0,"ind_inc":0,"log":2,"ind_0_17":0.9,"ind_65p":1.5999999999999999}},{"type":"Feature","geometry":{"type":"Polygon","coordinates":[[[2.545781135559082,48.75695265631546],[2.5460386276245117,48.75517022005627],[2.5433349609375,48.755000460923696],[2.5430774688720703,48.75678290320599],[2.545781135559082,48.75695265631546]]]},"id":1059980839,"properties":{"GEO":"CRS3035RES200mN2876800E3773600","GEO_OBJECT":"C200M","OBS_STATUS":"A","lcog_geo":"9407194004","ind":147.5,"men":55,"men_pauv":2,"men_1ind":11,"men_5ind":7,"men_prop":55,"men_fmp":7,"ind_snv":4885845,"men_surf":6994,"men_coll":0,"men_mais":55,"log_soc":0,"ind_inc":0,"log":55,"ind_0_17":28.5,"ind_65p":41}},{"type":"Feature","geometry":{"type":"Polygon","coordinates":[[[2.540116310119629,48.758395534585816],[2.5403738021850586,48.756613149522906],[2.537670135498047,48.75641510283427],[2.537369728088379,48.75819749492413],[2.540116310119629,48.758395534585816]]]},"id":1059981570,"properties":{"GEO":"CRS3035RES200mN2877000E3773200","GEO_OBJECT":"C200M","OBS_STATUS":"A","lcog_geo":"94071","ind":108,"men":34,"men_pauv":2,"men_1ind":3,"men_5ind":5,"men_prop":33,"men_fmp":2,"ind_snv":3432872.9,"men_surf":3683,"men_coll":1,"men_mais":33,"log_soc":0,"ind_inc":0,"log":34,"ind_0_17":25.5,"ind_65p":18}},{"type":"Feature","geometry":{"type":"Polygon","coordinates":[[[2.5428199768066406,48.758565282245854],[2.5430774688720703,48.75678290320599],[2.5403738021850586,48.756613149522906],[2.540116310119629,48.758395534585816],[2.5428199768066406,48.758565282245854]]]},"id":1059981571,"properties":{"GEO":"CRS3035RES200mN2877000E3773400","GEO_OBJECT":"C200M","OBS_STATUS":"A","lcog_geo":"94071","ind":118,"men":41,"men_pauv":0,"men_1ind":5,"men_5ind":6,"men_prop":39,"men_fmp":6,"ind_snv":3471972.5,"men_surf":4177,"men_coll":0,"men_mais":41,"log_soc":0,"ind_inc":0,"log":41,"ind_0_17":24.5,"ind_65p":25}},{"type":"Feature","geometry":{"type":"Polygon","coordinates":[[[2.538485527038574,48.75106754710731],[2.538743019104004,48.749256605580825],[2.536039352416992,48.74908682646645],[2.535738945007324,48.75086947855678],[2.538485527038574,48.75106754710731]]]},"id":1059978530,"properties":{"GEO":"CRS3035RES200mN2876200E3773000","GEO_OBJECT":"C200M","OBS_STATUS":"A","lcog_geo":"94004","ind":96,"men":30,"men_pauv":0,"men_1ind":3,"men_5ind":6,"men_prop":28,"men_fmp":0,"ind_snv":3042528.3,"men_surf":3261,"men_coll":0,"men_mais":30,"log_soc":0,"ind_inc":0,"log":30,"ind_0_17":26,"ind_65p":14}},{"type":"Feature","geometry":{"type":"Polygon","coordinates":[[[2.5381851196289062,48.75285012892638],[2.538485527038574,48.75106754710731],[2.535738945007324,48.75086947855678],[2.5354814529418945,48.75265206740298],[2.5381851196289062,48.75285012892638]]]},"id":1059979322,"properties":{"GEO":"CRS3035RES200mN2876400E3773000","GEO_OBJECT":"C200M","OBS_STATUS":"A","lcog_geo":"94004","ind":148.5,"men":47,"men_pauv":2,"men_1ind":4,"men_5ind":8,"men_prop":46,"men_fmp":2,"ind_snv":4224020.2,"men_surf":5208,"men_coll":2,"men_mais":45,"log_soc":0,"ind_inc":0,"log":47,"ind_0_17":43.5,"ind_65p":27}},{"type":"Feature","geometry":{"type":"Polygon","coordinates":[[[2.535738945007324,48.75086947855678],[2.536039352416992,48.74908682646645],[2.5333356857299805,48.748888750107966],[2.5330352783203125,48.75069970489204],[2.535738945007324,48.75086947855678]]]},"id":1059978529,"properties":{"GEO":"CRS3035RES200mN2876200E3772800","GEO_OBJECT":"C200M","OBS_STATUS":"I","lcog_geo":"94004","ind":19,"men":8,"men_pauv":0,"men_1ind":1.5,"men_5ind":0,"men_prop":5.8,"men_fmp":0.7,"ind_snv":482352.7,"men_surf":656.2,"men_coll":0,"men_mais":8,"log_soc":0,"ind_inc":0,"log":8,"ind_0_17":2.9,"ind_65p":2.2}},{"type":"Feature","geometry":{"type":"Polygon","coordinates":[[[2.535223960876465,48.75446288655277],[2.5354814529418945,48.75265206740298],[2.532777786254883,48.75248229976145],[2.532520294189453,48.75426483138716],[2.535223960876465,48.75446288655277]]]},"id":1059980112,"properties":{"GEO":"CRS3035RES200mN2876600E3772800","GEO_OBJECT":"C200M","OBS_STATUS":"A","lcog_geo":"94004","ind":171,"men":54,"men_pauv":6,"men_1ind":5,"men_5ind":10,"men_prop":45,"men_fmp":4,"ind_snv":4698872.4,"men_surf":5637,"men_coll":7,"men_mais":47,"log_soc":3,"ind_inc":0,"log":54,"ind_0_17":39,"ind_65p":14}},{"type":"Feature","geometry":{"type":"Polygon","coordinates":[[[2.532520294189453,48.75426483138716],[2.532777786254883,48.75248229976145],[2.530074119567871,48.75228423678803],[2.5298166275024414,48.75409506919519],[2.532520294189453,48.75426483138716]]]},"id":1059980111,"properties":{"GEO":"CRS3035RES200mN2876600E3772600","GEO_OBJECT":"C200M","OBS_STATUS":"A","lcog_geo":"94004","ind":176.5,"men":60,"men_pauv":6,"men_1ind":8,"men_5ind":8,"men_prop":50,"men_fmp":4,"ind_snv":5123278.8,"men_surf":6320,"men_coll":7,"men_mais":53,"log_soc":0,"ind_inc":0,"log":60,"ind_0_17":42.5,"ind_65p":38}},{"type":"Feature","geometry":{"type":"Polygon","coordinates":[[[2.5354814529418945,48.75265206740298],[2.535738945007324,48.75086947855678],[2.5330352783203125,48.75069970489204],[2.532777786254883,48.75248229976145],[2.5354814529418945,48.75265206740298]]]},"id":1059979321,"properties":{"GEO":"CRS3035RES200mN2876400E3772800","GEO_OBJECT":"C200M","OBS_STATUS":"A","lcog_geo":"94004","ind":161,"men":51,"men_pauv":9,"men_1ind":8,"men_5ind":10,"men_prop":44,"men_fmp":5,"ind_snv":4297531.6,"men_surf":5699,"men_coll":4,"men_mais":47,"log_soc":0,"ind_inc":1,"log":51,"ind_0_17":48,"ind_65p":18}},{"type":"Feature","geometry":{"type":"Polygon","coordinates":[[[2.534966468811035,48.756245347908305],[2.535223960876465,48.75446288655277],[2.532520294189453,48.75426483138716],[2.5322628021240234,48.756047299769676],[2.534966468811035,48.756245347908305]]]},"id":1059980835,"properties":{"GEO":"CRS3035RES200mN2876800E3772800","GEO_OBJECT":"C200M","OBS_STATUS":"A","lcog_geo":"9407194004","ind":155,"men":49,"men_pauv":0,"men_1ind":9,"men_5ind":8,"men_prop":47,"men_fmp":2,"ind_snv":5187652.9,"men_surf":5520,"men_coll":0,"men_mais":49,"log_soc":0,"ind_inc":0,"log":49,"ind_0_17":43,"ind_65p":26}},{"type":"Feature","geometry":{"type":"Polygon","coordinates":[[[2.532777786254883,48.75248229976145],[2.5330352783203125,48.75069970489204],[2.530331611633301,48.75050163489149],[2.530074119567871,48.75228423678803],[2.532777786254883,48.75248229976145]]]},"id":1059979320,"properties":{"GEO":"CRS3035RES200mN2876400E3772600","GEO_OBJECT":"C200M","OBS_STATUS":"A","lcog_geo":"94004","ind":104,"men":36,"men_pauv":2,"men_1ind":5,"men_5ind":7,"men_prop":29,"men_fmp":4,"ind_snv":2923672,"men_surf":3958,"men_coll":0,"men_mais":36,"log_soc":0,"ind_inc":1,"log":36,"ind_0_17":31,"ind_65p":15}},{"type":"Feature","geometry":{"type":"Polygon","coordinates":[[[2.5298166275024414,48.75409506919519],[2.530074119567871,48.75228423678803],[2.5273704528808594,48.752114467903624],[2.5271129608154297,48.75389701257956],[2.5298166275024414,48.75409506919519]]]},"id":1059980110,"properties":{"GEO":"CRS3035RES200mN2876600E3772400","GEO_OBJECT":"C200M","OBS_STATUS":"A","lcog_geo":"94004","ind":176.5,"men":55,"men_pauv":6,"men_1ind":3,"men_5ind":7,"men_prop":45,"men_fmp":6,"ind_snv":4678016,"men_surf":5621,"men_coll":0,"men_mais":55,"log_soc":0,"ind_inc":0,"log":55,"ind_0_17":41.5,"ind_65p":29}},{"type":"Feature","geometry":{"type":"Polygon","coordinates":[[[2.530074119567871,48.75228423678803],[2.530331611633301,48.75050163489149],[2.527627944946289,48.750331859983845],[2.5273704528808594,48.752114467903624],[2.530074119567871,48.75228423678803]]]},"id":1059979319,"properties":{"GEO":"CRS3035RES200mN2876400E3772400","GEO_OBJECT":"C200M","OBS_STATUS":"A","lcog_geo":"94004","ind":56.5,"men":17,"men_pauv":0,"men_1ind":2,"men_5ind":1,"men_prop":15,"men_fmp":4,"ind_snv":1539491.4,"men_surf":1507,"men_coll":2,"men_mais":15,"log_soc":0,"ind_inc":0,"log":17,"ind_0_17":15.5,"ind_65p":7}},{"type":"Feature","geometry":{"type":"Polygon","coordinates":[[[2.5322628021240234,48.756047299769676],[2.532520294189453,48.75426483138716],[2.5298166275024414,48.75409506919519],[2.5295162200927734,48.75587754360086],[2.5322628021240234,48.756047299769676]]]},"id":1059980834,"properties":{"GEO":"CRS3035RES200mN2876800E3772600","GEO_OBJECT":"C200M","OBS_STATUS":"A","lcog_geo":"9400494071","ind":200,"men":58,"men_pauv":6,"men_1ind":13,"men_5ind":17,"men_prop":49,"men_fmp":5,"ind_snv":4829498.7,"men_surf":6160,"men_coll":5,"men_mais":53,"log_soc":0,"ind_inc":2,"log":58,"ind_0_17":61,"ind_65p":34}},{"type":"Feature","geometry":{"type":"Polygon","coordinates":[[[2.5292587280273438,48.757659954763824],[2.5295162200927734,48.75587754360086],[2.5268125534057617,48.75567949401224],[2.526555061340332,48.75749020404447],[2.5292587280273438,48.757659954763824]]]},"id":1059981566,"properties":{"GEO":"CRS3035RES200mN2877000E3772400","GEO_OBJECT":"C200M","OBS_STATUS":"A","lcog_geo":"9407194004","ind":171.5,"men":64,"men_pauv":9,"men_1ind":22,"men_5ind":9,"men_prop":53,"men_fmp":5,"ind_snv":4517365,"men_surf":6369,"men_coll":0,"men_mais":64,"log_soc":0,"ind_inc":0,"log":64,"ind_0_17":41,"ind_65p":32}},{"type":"Feature","geometry":{"type":"Polygon","coordinates":[[[2.5295162200927734,48.75587754360086],[2.5298166275024414,48.75409506919519],[2.5271129608154297,48.75389701257956],[2.5268125534057617,48.75567949401224],[2.5295162200927734,48.75587754360086]]]},"id":1059980833,"properties":{"GEO":"CRS3035RES200mN2876800E3772400","GEO_OBJECT":"C200M","OBS_STATUS":"A","lcog_geo":"9400494071","ind":155.5,"men":57,"men_pauv":3,"men_1ind":11,"men_5ind":7,"men_prop":51,"men_fmp":0,"ind_snv":4422707.6,"men_surf":6118,"men_coll":0,"men_mais":57,"log_soc":0,"ind_inc":0,"log":57,"ind_0_17":32.5,"ind_65p":45}},{"type":"Feature","geometry":{"type":"Polygon","coordinates":[[[2.537369728088379,48.75819749492413],[2.537670135498047,48.75641510283427],[2.534966468811035,48.756245347908305],[2.534666061401367,48.75802774602124],[2.537369728088379,48.75819749492413]]]},"id":1059981569,"properties":{"GEO":"CRS3035RES200mN2877000E3773000","GEO_OBJECT":"C200M","OBS_STATUS":"I","lcog_geo":"94071","ind":24,"men":9.5,"men_pauv":0,"men_1ind":1.7,"men_5ind":1.1,"men_prop":5,"men_fmp":1.1,"ind_snv":774789.3,"men_surf":970,"men_coll":3.9,"men_mais":5.6,"log_soc":0,"ind_inc":0,"log":9.5,"ind_0_17":4.2,"ind_65p":7.800000000000001}},{"type":"Feature","geometry":{"type":"Polygon","coordinates":[[[2.537670135498047,48.75641510283427],[2.5379276275634766,48.754632647501865],[2.535223960876465,48.75446288655277],[2.534966468811035,48.756245347908305],[2.537670135498047,48.75641510283427]]]},"id":1059980836,"properties":{"GEO":"CRS3035RES200mN2876800E3773000","GEO_OBJECT":"C200M","OBS_STATUS":"A","lcog_geo":"9407194004","ind":124,"men":45,"men_pauv":3,"men_1ind":7,"men_5ind":4,"men_prop":39,"men_fmp":6,"ind_snv":3634540.2,"men_surf":4643,"men_coll":4,"men_mais":41,"log_soc":0,"ind_inc":0,"log":45,"ind_0_17":35,"ind_65p":28}},{"type":"Feature","geometry":{"type":"Polygon","coordinates":[[[2.5368547439575195,48.761790378798594],[2.537112236022949,48.760008114196125],[2.5344085693359375,48.759810080892066],[2.534151077270508,48.76159235252135],[2.5368547439575195,48.761790378798594]]]},"id":1059983113,"properties":{"GEO":"CRS3035RES200mN2877400E3773000","GEO_OBJECT":"C200M","OBS_STATUS":"I","lcog_geo":"94071","ind":14,"men":5.5,"men_pauv":0,"men_1ind":1,"men_5ind":0.7,"men_prop":2.9,"men_fmp":0.7,"ind_snv":451960.4,"men_surf":565.9,"men_coll":2.3,"men_mais":3.2,"log_soc":0,"ind_inc":0,"log":5.499999999999999,"ind_0_17":2.4,"ind_65p":4.6}},{"type":"Feature","geometry":{"type":"Polygon","coordinates":[[[2.53659725189209,48.76357258016006],[2.5368547439575195,48.761790378798594],[2.534151077270508,48.76159235252135],[2.533893585205078,48.76340284942171],[2.53659725189209,48.76357258016006]]]},"id":1059983888,"properties":{"GEO":"CRS3035RES200mN2877600E3773000","GEO_OBJECT":"C200M","OBS_STATUS":"A","lcog_geo":"94071","ind":128,"men":45,"men_pauv":5,"men_1ind":11,"men_5ind":7,"men_prop":36,"men_fmp":3,"ind_snv":3535036.9,"men_surf":4261,"men_coll":6,"men_mais":39,"log_soc":0,"ind_inc":0,"log":45,"ind_0_17":30,"ind_65p":29}},{"type":"Feature","geometry":{"type":"Polygon","coordinates":[[[2.536296844482422,48.76535471828106],[2.53659725189209,48.76357258016006],[2.533893585205078,48.76340284942171],[2.53359317779541,48.76518499356561],[2.536296844482422,48.76535471828106]]]},"id":1059984654,"properties":{"GEO":"CRS3035RES200mN2877800E3773000","GEO_OBJECT":"C200M","OBS_STATUS":"A","lcog_geo":"94071","ind":68.5,"men":28,"men_pauv":2,"men_1ind":7,"men_5ind":2,"men_prop":25,"men_fmp":1,"ind_snv":2153836,"men_surf":2851,"men_coll":0,"men_mais":28,"log_soc":0,"ind_inc":0,"log":28,"ind_0_17":8.5,"ind_65p":23}},{"type":"Feature","geometry":{"type":"Polygon","coordinates":[[[2.534666061401367,48.75802774602124],[2.534966468811035,48.756245347908305],[2.5322628021240234,48.756047299769676],[2.5319623947143555,48.75785799654474],[2.534666061401367,48.75802774602124]]]},"id":1059981568,"properties":{"GEO":"CRS3035RES200mN2877000E3772800","GEO_OBJECT":"C200M","OBS_STATUS":"A","lcog_geo":"94071","ind":108.5,"men":36,"men_pauv":3,"men_1ind":6,"men_5ind":3,"men_prop":35,"men_fmp":2,"ind_snv":3150800.8,"men_surf":3868,"men_coll":0,"men_mais":36,"log_soc":0,"ind_inc":0,"log":36,"ind_0_17":28.5,"ind_65p":24}},{"type":"Feature","geometry":{"type":"Polygon","coordinates":[[[2.531447410583496,48.76142261509088],[2.531704902648926,48.75964033743861],[2.529001235961914,48.75944230268456],[2.5287437438964844,48.76125287708675],[2.531447410583496,48.76142261509088]]]},"id":1059983111,"properties":{"GEO":"CRS3035RES200mN2877400E3772600","GEO_OBJECT":"C200M","OBS_STATUS":"A","lcog_geo":"94071","ind":221,"men":75,"men_pauv":1,"men_1ind":11,"men_5ind":10,"men_prop":66,"men_fmp":8,"ind_snv":6427336.2,"men_surf":7127,"men_coll":13,"men_mais":62,"log_soc":0,"ind_inc":0,"log":75,"ind_0_17":56,"ind_65p":39}},{"type":"Feature","geometry":{"type":"Polygon","coordinates":[[[2.5344085693359375,48.759810080892066],[2.534666061401367,48.75802774602124],[2.5319623947143555,48.75785799654474],[2.531704902648926,48.75964033743861],[2.5344085693359375,48.759810080892066]]]},"id":1059982321,"properties":{"GEO":"CRS3035RES200mN2877200E3772800","GEO_OBJECT":"C200M","OBS_STATUS":"I","lcog_geo":"94071","ind":3,"men":1.1,"men_pauv":0,"men_1ind":0.1,"men_5ind":0.1,"men_prop":0.8,"men_fmp":0.2,"ind_snv":86024.3,"men_surf":112.1,"men_coll":0.2,"men_mais":0.9,"log_soc":0,"ind_inc":0,"log":1.1,"ind_0_17":0.7,"ind_65p":0.5}},{"type":"Feature","geometry":{"type":"Polygon","coordinates":[[[2.531704902648926,48.75964033743861],[2.5319623947143555,48.75785799654474],[2.5292587280273438,48.757659954763824],[2.529001235961914,48.75944230268456],[2.531704902648926,48.75964033743861]]]},"id":1059982320,"properties":{"GEO":"CRS3035RES200mN2877200E3772600","GEO_OBJECT":"C200M","OBS_STATUS":"A","lcog_geo":"94071","ind":103.5,"men":38,"men_pauv":0,"men_1ind":6,"men_5ind":4,"men_prop":35,"men_fmp":2,"ind_snv":3140044.5,"men_surf":3731,"men_coll":0,"men_mais":38,"log_soc":0,"ind_inc":0,"log":38,"ind_0_17":22,"ind_65p":24}},{"type":"Feature","geometry":{"type":"Polygon","coordinates":[[[2.5319623947143555,48.75785799654474],[2.5322628021240234,48.756047299769676],[2.5295162200927734,48.75587754360086],[2.5292587280273438,48.757659954763824],[2.5319623947143555,48.75785799654474]]]},"id":1059981567,"properties":{"GEO":"CRS3035RES200mN2877000E3772600","GEO_OBJECT":"C200M","OBS_STATUS":"A","lcog_geo":"94071","ind":170.5,"men":65,"men_pauv":5,"men_1ind":16,"men_5ind":6,"men_prop":55,"men_fmp":7,"ind_snv":4819221.1,"men_surf":6330,"men_coll":6,"men_mais":59,"log_soc":0,"ind_inc":0,"log":65,"ind_0_17":47,"ind_65p":31}},{"type":"Feature","geometry":{"type":"Polygon","coordinates":[[[2.533893585205078,48.76340284942171],[2.534151077270508,48.76159235252135],[2.531447410583496,48.76142261509088],[2.531147003173828,48.763204829502],[2.533893585205078,48.76340284942171]]]},"id":1059983887,"properties":{"GEO":"CRS3035RES200mN2877600E3772800","GEO_OBJECT":"C200M","OBS_STATUS":"A","lcog_geo":"94071","ind":188.5,"men":65,"men_pauv":2,"men_1ind":13,"men_5ind":11,"men_prop":63,"men_fmp":2,"ind_snv":5822146.6,"men_surf":6585,"men_coll":1,"men_mais":64,"log_soc":0,"ind_inc":0,"log":65,"ind_0_17":39.5,"ind_65p":47}},{"type":"Feature","geometry":{"type":"Polygon","coordinates":[[[2.534151077270508,48.76159235252135],[2.5344085693359375,48.759810080892066],[2.531704902648926,48.75964033743861],[2.531447410583496,48.76142261509088],[2.534151077270508,48.76159235252135]]]},"id":1059983112,"properties":{"GEO":"CRS3035RES200mN2877400E3772800","GEO_OBJECT":"C200M","OBS_STATUS":"I","lcog_geo":"94071","ind":39,"men":14.2,"men_pauv":0.6,"men_1ind":1.2,"men_5ind":1.9,"men_prop":9.9,"men_fmp":2.5,"ind_snv":1118316.2,"men_surf":1457.2,"men_coll":3.1,"men_mais":11.1,"log_soc":0,"ind_inc":0,"log":14.2,"ind_0_17":9.2,"ind_65p":6.9}},{"type":"Feature","geometry":{"type":"Polygon","coordinates":[[[2.53359317779541,48.76518499356561],[2.533893585205078,48.76340284942171],[2.531147003173828,48.763204829502],[2.5308895111083984,48.7649869806726],[2.53359317779541,48.76518499356561]]]},"id":1059984653,"properties":{"GEO":"CRS3035RES200mN2877800E3772800","GEO_OBJECT":"C200M","OBS_STATUS":"A","lcog_geo":"94071","ind":214.5,"men":71,"men_pauv":2,"men_1ind":10,"men_5ind":8,"men_prop":68,"men_fmp":3,"ind_snv":6823518.2,"men_surf":8241,"men_coll":0,"men_mais":71,"log_soc":0,"ind_inc":0,"log":71,"ind_0_17":49.5,"ind_65p":38}},{"type":"Feature","geometry":{"type":"Polygon","coordinates":[[[2.531147003173828,48.763204829502],[2.531447410583496,48.76142261509088],[2.5287437438964844,48.76125287708675],[2.5284433364868164,48.763035097520856],[2.531147003173828,48.763204829502]]]},"id":1059983886,"properties":{"GEO":"CRS3035RES200mN2877600E3772600","GEO_OBJECT":"C200M","OBS_STATUS":"A","lcog_geo":"94071","ind":216.5,"men":65,"men_pauv":2,"men_1ind":8,"men_5ind":13,"men_prop":59,"men_fmp":3,"ind_snv":6430738.6,"men_surf":6845,"men_coll":0,"men_mais":65,"log_soc":0,"ind_inc":0,"log":65,"ind_0_17":51,"ind_65p":35}},{"type":"Feature","geometry":{"type":"Polygon","coordinates":[[[2.5281858444213867,48.76481725471433],[2.5284433364868164,48.763035097520856],[2.5257396697998047,48.762837076151186],[2.525482177734375,48.76464752818245],[2.5281858444213867,48.76481725471433]]]},"id":1059984651,"properties":{"GEO":"CRS3035RES200mN2877800E3772400","GEO_OBJECT":"C200M","OBS_STATUS":"A","lcog_geo":"94071","ind":158.5,"men":55,"men_pauv":1,"men_1ind":10,"men_5ind":5,"men_prop":52,"men_fmp":5,"ind_snv":4625036.6,"men_surf":5432,"men_coll":1,"men_mais":54,"log_soc":0,"ind_inc":0,"log":55,"ind_0_17":35.5,"ind_65p":35}},{"type":"Feature","geometry":{"type":"Polygon","coordinates":[[[2.5284433364868164,48.763035097520856],[2.5287437438964844,48.76125287708675],[2.5260400772094727,48.76105484869032],[2.5257396697998047,48.762837076151186],[2.5284433364868164,48.763035097520856]]]},"id":1059983885,"properties":{"GEO":"CRS3035RES200mN2877600E3772400","GEO_OBJECT":"C200M","OBS_STATUS":"A","lcog_geo":"94071","ind":208.5,"men":71,"men_pauv":5,"men_1ind":13,"men_5ind":13,"men_prop":55,"men_fmp":10,"ind_snv":6297797.8,"men_surf":7260,"men_coll":15,"men_mais":56,"log_soc":0,"ind_inc":0,"log":71,"ind_0_17":61,"ind_65p":25}},{"type":"Feature","geometry":{"type":"Polygon","coordinates":[[[2.5468969345092773,48.76787223420192],[2.547154426574707,48.766090185419756],[2.5444507598876953,48.76592046318993],[2.5441503524780273,48.767702517994906],[2.5468969345092773,48.76787223420192]]]},"id":1059985429,"properties":{"GEO":"CRS3035RES200mN2878000E3773800","GEO_OBJECT":"C200M","OBS_STATUS":"I","lcog_geo":"94053","ind":4,"men":1.4,"men_pauv":0.1,"men_1ind":0.2,"men_5ind":0.1,"men_prop":1.4,"men_fmp":0.2,"ind_snv":159247.6,"men_surf":179.3,"men_coll":0,"men_mais":1.4,"log_soc":0,"ind_inc":0,"log":1.4,"ind_0_17":1.2000000000000002,"ind_65p":0.8}},{"type":"Feature","geometry":{"type":"Polygon","coordinates":[[[2.5465965270996094,48.76965421974489],[2.5468969345092773,48.76787223420192],[2.5441503524780273,48.767702517994906],[2.5438928604125977,48.76948450956061],[2.5465965270996094,48.76965421974489]]]},"id":1059986190,"properties":{"GEO":"CRS3035RES200mN2878200E3773800","GEO_OBJECT":"C200M","OBS_STATUS":"A","lcog_geo":"94053","ind":153,"men":55,"men_pauv":1,"men_1ind":7,"men_5ind":6,"men_prop":53,"men_fmp":1,"ind_snv":5253850.3,"men_surf":6652,"men_coll":0,"men_mais":55,"log_soc":0,"ind_inc":0,"log":55,"ind_0_17":21,"ind_65p":46}},{"type":"Feature","geometry":{"type":"Polygon","coordinates":[[[2.5438928604125977,48.76948450956061],[2.5441503524780273,48.767702517994906],[2.5414466857910156,48.767504515028406],[2.541189193725586,48.76931479880275],[2.5438928604125977,48.76948450956061]]]},"id":1059986189,"properties":{"GEO":"CRS3035RES200mN2878200E3773600","GEO_OBJECT":"C200M","OBS_STATUS":"A","lcog_geo":"94053","ind":128,"men":44,"men_pauv":2,"men_1ind":10,"men_5ind":6,"men_prop":39,"men_fmp":2,"ind_snv":4086432.1,"men_surf":4433,"men_coll":6,"men_mais":38,"log_soc":0,"ind_inc":0,"log":44,"ind_0_17":30,"ind_65p":19}},{"type":"Feature","geometry":{"type":"Polygon","coordinates":[[[2.5441503524780273,48.767702517994906],[2.5444507598876953,48.76592046318993],[2.5417470932006836,48.765722453196815],[2.5414466857910156,48.767504515028406],[2.5441503524780273,48.767702517994906]]]},"id":1059985428,"properties":{"GEO":"CRS3035RES200mN2878000E3773600","GEO_OBJECT":"C200M","OBS_STATUS":"A","lcog_geo":"94053","ind":55,"men":23,"men_pauv":0,"men_1ind":6,"men_5ind":1,"men_prop":22,"men_fmp":2,"ind_snv":1531242.5,"men_surf":2603,"men_coll":0,"men_mais":23,"log_soc":0,"ind_inc":0,"log":23,"ind_0_17":10,"ind_65p":19}},{"type":"Feature","geometry":{"type":"Polygon","coordinates":[[[2.5463390350341797,48.771464426020316],[2.5465965270996094,48.76965421974489],[2.5438928604125977,48.76948450956061],[2.543635368347168,48.77126643788759],[2.5463390350341797,48.771464426020316]]]},"id":1059986944,"properties":{"GEO":"CRS3035RES200mN2878400E3773800","GEO_OBJECT":"C200M","OBS_STATUS":"A","lcog_geo":"94053","ind":180,"men":63,"men_pauv":1,"men_1ind":16,"men_5ind":11,"men_prop":57,"men_fmp":2,"ind_snv":5340443.4,"men_surf":6008,"men_coll":5,"men_mais":58,"log_soc":0,"ind_inc":0,"log":63,"ind_0_17":43,"ind_65p":40}},{"type":"Feature","geometry":{"type":"Polygon","coordinates":[[[2.5390005111694336,48.765552729724135],[2.5393009185791016,48.7637423103248],[2.53659725189209,48.76357258016006],[2.536296844482422,48.76535471828106],[2.5390005111694336,48.765552729724135]]]},"id":1059984655,"properties":{"GEO":"CRS3035RES200mN2877800E3773200","GEO_OBJECT":"C200M","OBS_STATUS":"A","lcog_geo":"94071","ind":32,"men":13,"men_pauv":2,"men_1ind":2,"men_5ind":0,"men_prop":11,"men_fmp":1,"ind_snv":1090298.4,"men_surf":1584,"men_coll":0,"men_mais":13,"log_soc":0,"ind_inc":0,"log":13,"ind_0_17":4,"ind_65p":2}},{"type":"Feature","geometry":{"type":"Polygon","coordinates":[[[2.538743019104004,48.76733479757854],[2.5390005111694336,48.765552729724135],[2.536296844482422,48.76535471828106],[2.536039352416992,48.76716507955513],[2.538743019104004,48.76733479757854]]]},"id":1059985426,"properties":{"GEO":"CRS3035RES200mN2878000E3773200","GEO_OBJECT":"C200M","OBS_STATUS":"A","lcog_geo":"94071","ind":128,"men":53,"men_pauv":1,"men_1ind":8,"men_5ind":1,"men_prop":53,"men_fmp":4,"ind_snv":4743974.2,"men_surf":7161,"men_coll":0,"men_mais":53,"log_soc":0,"ind_inc":0,"log":53,"ind_0_17":25,"ind_65p":51}},{"type":"Feature","geometry":{"type":"Polygon","coordinates":[[[2.5414466857910156,48.767504515028406],[2.5417470932006836,48.765722453196815],[2.5390005111694336,48.765552729724135],[2.538743019104004,48.76733479757854],[2.5414466857910156,48.767504515028406]]]},"id":1059985427,"properties":{"GEO":"CRS3035RES200mN2878000E3773400","GEO_OBJECT":"C200M","OBS_STATUS":"A","lcog_geo":"9405394071","ind":82,"men":27,"men_pauv":1,"men_1ind":5,"men_5ind":5,"men_prop":27,"men_fmp":0,"ind_snv":2770450.1,"men_surf":3197,"men_coll":0,"men_mais":27,"log_soc":0,"ind_inc":0,"log":27,"ind_0_17":20,"ind_65p":9}},{"type":"Feature","geometry":{"type":"Polygon","coordinates":[[[2.541189193725586,48.76931479880275],[2.5414466857910156,48.767504515028406],[2.538743019104004,48.76733479757854],[2.538485527038574,48.76911680219362],[2.541189193725586,48.76931479880275]]]},"id":1059986188,"properties":{"GEO":"CRS3035RES200mN2878200E3773400","GEO_OBJECT":"C200M","OBS_STATUS":"I","lcog_geo":"9405394071","ind":61,"men":21.6,"men_pauv":0.9,"men_1ind":2.8,"men_5ind":1.9,"men_prop":20.6,"men_fmp":2.8,"ind_snv":2428526.1,"men_surf":2734.7,"men_coll":0,"men_mais":21.6,"log_soc":0,"ind_inc":0,"log":21.6,"ind_0_17":16.799999999999997,"ind_65p":12.2}},{"type":"Feature","geometry":{"type":"Polygon","coordinates":[[[2.5409317016601562,48.77109673315243],[2.541189193725586,48.76931479880275],[2.538485527038574,48.76911680219362],[2.5382280349731445,48.7708987435698],[2.5409317016601562,48.77109673315243]]]},"id":1059986942,"properties":{"GEO":"CRS3035RES200mN2878400E3773400","GEO_OBJECT":"C200M","OBS_STATUS":"A","lcog_geo":"9407194053","ind":104,"men":40,"men_pauv":0,"men_1ind":7,"men_5ind":2,"men_prop":40,"men_fmp":4,"ind_snv":3731755.6,"men_surf":4029,"men_coll":0,"men_mais":40,"log_soc":0,"ind_inc":0,"log":40,"ind_0_17":24.5,"ind_65p":24}},{"type":"Feature","geometry":{"type":"Polygon","coordinates":[[[2.548527717590332,48.77522605220648],[2.5487852096557617,48.77341598155235],[2.54608154296875,48.77324628408263],[2.545781135559082,48.77502807890727],[2.548527717590332,48.77522605220648]]]},"id":1059988528,"properties":{"GEO":"CRS3035RES200mN2878800E3774000","GEO_OBJECT":"C200M","OBS_STATUS":"A","lcog_geo":"94053","ind":174.5,"men":65,"men_pauv":1,"men_1ind":16,"men_5ind":5,"men_prop":50,"men_fmp":7,"ind_snv":4995537.6,"men_surf":5696,"men_coll":31,"men_mais":34,"log_soc":0,"ind_inc":1,"log":65,"ind_0_17":37.5,"ind_65p":17}},{"type":"Feature","geometry":{"type":"Polygon","coordinates":[[[2.5487852096557617,48.77341598155235],[2.5490427017211914,48.77163412951268],[2.5463390350341797,48.771464426020316],[2.54608154296875,48.77324628408263],[2.5487852096557617,48.77341598155235]]]},"id":1059987748,"properties":{"GEO":"CRS3035RES200mN2878600E3774000","GEO_OBJECT":"C200M","OBS_STATUS":"A","lcog_geo":"94053","ind":125,"men":47,"men_pauv":3,"men_1ind":9,"men_5ind":4,"men_prop":33,"men_fmp":6,"ind_snv":3946060.4,"men_surf":4158,"men_coll":11,"men_mais":36,"log_soc":0,"ind_inc":0,"log":47,"ind_0_17":20,"ind_65p":20}},{"type":"Feature","geometry":{"type":"Polygon","coordinates":[[[2.54608154296875,48.77324628408263],[2.5463390350341797,48.771464426020316],[2.543635368347168,48.77126643788759],[2.5433778762817383,48.77304830297635],[2.54608154296875,48.77324628408263]]]},"id":1059987747,"properties":{"GEO":"CRS3035RES200mN2878600E3773800","GEO_OBJECT":"C200M","OBS_STATUS":"A","lcog_geo":"94053","ind":142,"men":48,"men_pauv":5,"men_1ind":8,"men_5ind":9,"men_prop":45,"men_fmp":3,"ind_snv":3767854,"men_surf":4673,"men_coll":2,"men_mais":46,"log_soc":0,"ind_inc":1,"log":48,"ind_0_17":32,"ind_65p":31}},{"type":"Feature","geometry":{"type":"Polygon","coordinates":[[[2.5430774688720703,48.77485838688659],[2.5433778762817383,48.77304830297635],[2.5406742095947266,48.77287860426384],[2.5403738021850586,48.77466041213751],[2.5430774688720703,48.77485838688659]]]},"id":1059988526,"properties":{"GEO":"CRS3035RES200mN2878800E3773600","GEO_OBJECT":"C200M","OBS_STATUS":"A","lcog_geo":"94053","ind":149,"men":60,"men_pauv":0,"men_1ind":11,"men_5ind":3,"men_prop":59,"men_fmp":6,"ind_snv":5024822.3,"men_surf":6387,"men_coll":0,"men_mais":60,"log_soc":0,"ind_inc":0,"log":60,"ind_0_17":27,"ind_65p":49}},{"type":"Feature","geometry":{"type":"Polygon","coordinates":[[[2.550930976867676,48.77717746152308],[2.5512313842773438,48.775395742984415],[2.548527717590332,48.77522605220648],[2.548227310180664,48.777007776767704],[2.550930976867676,48.77717746152308]]]},"id":1059989334,"properties":{"GEO":"CRS3035RES200mN2879000E3774200","GEO_OBJECT":"C200M","OBS_STATUS":"A","lcog_geo":"94053","ind":387.5,"men":157,"men_pauv":16,"men_1ind":45,"men_5ind":16,"men_prop":28,"men_fmp":42,"ind_snv":8606062.5,"men_surf":10431,"men_coll":124,"men_mais":33,"log_soc":119,"ind_inc":0,"log":157,"ind_0_17":112.5,"ind_65p":29}},{"type":"Feature","geometry":{"type":"Polygon","coordinates":[[[2.5479698181152344,48.77878943809239],[2.548227310180664,48.777007776767704],[2.5455236434936523,48.776809810494825],[2.5452661514282227,48.778619758785936],[2.5479698181152344,48.77878943809239]]]},"id":1059990150,"properties":{"GEO":"CRS3035RES200mN2879200E3774000","GEO_OBJECT":"C200M","OBS_STATUS":"A","lcog_geo":"94053","ind":165.5,"men":66,"men_pauv":4,"men_1ind":7,"men_5ind":2,"men_prop":61,"men_fmp":7,"ind_snv":5501651.2,"men_surf":6776,"men_coll":5,"men_mais":61,"log_soc":0,"ind_inc":0,"log":66,"ind_0_17":30,"ind_65p":40}},{"type":"Feature","geometry":{"type":"Polygon","coordinates":[[[2.548227310180664,48.777007776767704],[2.548527717590332,48.77522605220648],[2.545781135559082,48.77502807890727],[2.5455236434936523,48.776809810494825],[2.548227310180664,48.777007776767704]]]},"id":1059989333,"properties":{"GEO":"CRS3035RES200mN2879000E3774000","GEO_OBJECT":"C200M","OBS_STATUS":"A","lcog_geo":"94053","ind":110.5,"men":53,"men_pauv":1,"men_1ind":15,"men_5ind":2,"men_prop":41,"men_fmp":7,"ind_snv":3156066.9,"men_surf":4498,"men_coll":20,"men_mais":33,"log_soc":0,"ind_inc":0,"log":53,"ind_0_17":15,"ind_65p":44}},{"type":"Feature","geometry":{"type":"Polygon","coordinates":[[[2.543635368347168,48.77126643788759],[2.5438928604125977,48.76948450956061],[2.541189193725586,48.76931479880275],[2.5409317016601562,48.77109673315243],[2.543635368347168,48.77126643788759]]]},"id":1059986943,"properties":{"GEO":"CRS3035RES200mN2878400E3773600","GEO_OBJECT":"C200M","OBS_STATUS":"A","lcog_geo":"94053","ind":249.5,"men":111,"men_pauv":5,"men_1ind":39,"men_5ind":7,"men_prop":56,"men_fmp":20,"ind_snv":6584012.4,"men_surf":8139,"men_coll":82,"men_mais":29,"log_soc":25,"ind_inc":1,"log":111,"ind_0_17":57.5,"ind_65p":23}},{"type":"Feature","geometry":{"type":"Polygon","coordinates":[[[2.5433778762817383,48.77304830297635],[2.543635368347168,48.77126643788759],[2.5409317016601562,48.77109673315243],[2.5406742095947266,48.77287860426384],[2.5433778762817383,48.77304830297635]]]},"id":1059987746,"properties":{"GEO":"CRS3035RES200mN2878600E3773600","GEO_OBJECT":"C200M","OBS_STATUS":"A","lcog_geo":"94053","ind":197.5,"men":61,"men_pauv":2,"men_1ind":5,"men_5ind":14,"men_prop":56,"men_fmp":6,"ind_snv":6278389.8,"men_surf":6827,"men_coll":4,"men_mais":57,"log_soc":0,"ind_inc":0,"log":61,"ind_0_17":39,"ind_65p":26}},{"type":"Feature","geometry":{"type":"Polygon","coordinates":[[[2.5406742095947266,48.77287860426384],[2.5409317016601562,48.77109673315243],[2.5382280349731445,48.7708987435698],[2.5379276275634766,48.772708904977776],[2.5406742095947266,48.77287860426384]]]},"id":1059987745,"properties":{"GEO":"CRS3035RES200mN2878600E3773400","GEO_OBJECT":"C200M","OBS_STATUS":"A","lcog_geo":"9405394071","ind":88,"men":33,"men_pauv":1,"men_1ind":4,"men_5ind":2,"men_prop":31,"men_fmp":4,"ind_snv":2790912,"men_surf":3721,"men_coll":0,"men_mais":33,"log_soc":0,"ind_inc":0,"log":33,"ind_0_17":14,"ind_65p":23}},{"type":"Feature","geometry":{"type":"Polygon","coordinates":[[[2.5379276275634766,48.772708904977776],[2.5382280349731445,48.7708987435698],[2.535524368286133,48.77072903759188],[2.535223960876465,48.7725109217524],[2.5379276275634766,48.772708904977776]]]},"id":1059987744,"properties":{"GEO":"CRS3035RES200mN2878600E3773200","GEO_OBJECT":"C200M","OBS_STATUS":"A","lcog_geo":"9407194053","ind":100,"men":43,"men_pauv":0,"men_1ind":8,"men_5ind":0,"men_prop":43,"men_fmp":1,"ind_snv":3681822.8,"men_surf":4505,"men_coll":0,"men_mais":43,"log_soc":0,"ind_inc":0,"log":43,"ind_0_17":15,"ind_65p":44}},{"type":"Feature","geometry":{"type":"Polygon","coordinates":[[[2.5428199768066406,48.77664012449671],[2.5430774688720703,48.77485838688659],[2.5403738021850586,48.77466041213751],[2.540116310119629,48.776470437924985],[2.5428199768066406,48.77664012449671]]]},"id":1059989331,"properties":{"GEO":"CRS3035RES200mN2879000E3773600","GEO_OBJECT":"C200M","OBS_STATUS":"A","lcog_geo":"94053","ind":324.5,"men":105,"men_pauv":3,"men_1ind":14,"men_5ind":19,"men_prop":101,"men_fmp":11,"ind_snv":9447160.1,"men_surf":10320,"men_coll":0,"men_mais":105,"log_soc":0,"ind_inc":0,"log":105,"ind_0_17":90.5,"ind_65p":41}},{"type":"Feature","geometry":{"type":"Polygon","coordinates":[[[2.545781135559082,48.77502807890727],[2.54608154296875,48.77324628408263],[2.5433778762817383,48.77304830297635],[2.5430774688720703,48.77485838688659],[2.545781135559082,48.77502807890727]]]},"id":1059988527,"properties":{"GEO":"CRS3035RES200mN2878800E3773800","GEO_OBJECT":"C200M","OBS_STATUS":"A","lcog_geo":"94053","ind":102,"men":37,"men_pauv":1,"men_1ind":7,"men_5ind":2,"men_prop":34,"men_fmp":0,"ind_snv":3344633.9,"men_surf":3944,"men_coll":0,"men_mais":37,"log_soc":0,"ind_inc":0,"log":37,"ind_0_17":22,"ind_65p":22}},{"type":"Feature","geometry":{"type":"Polygon","coordinates":[[[2.5452661514282227,48.778619758785936],[2.5455236434936523,48.776809810494825],[2.5428199768066406,48.77664012449671],[2.542562484741211,48.77842179887014],[2.5452661514282227,48.778619758785936]]]},"id":1059990149,"properties":{"GEO":"CRS3035RES200mN2879200E3773800","GEO_OBJECT":"C200M","OBS_STATUS":"A","lcog_geo":"94053","ind":70,"men":18,"men_pauv":0,"men_1ind":1,"men_5ind":5,"men_prop":18,"men_fmp":1,"ind_snv":2294191.8,"men_surf":2131,"men_coll":0,"men_mais":18,"log_soc":0,"ind_inc":0,"log":18,"ind_0_17":16,"ind_65p":10}},{"type":"Feature","geometry":{"type":"Polygon","coordinates":[[[2.5455236434936523,48.776809810494825],[2.545781135559082,48.77502807890727],[2.5430774688720703,48.77485838688659],[2.5428199768066406,48.77664012449671],[2.5455236434936523,48.776809810494825]]]},"id":1059989332,"properties":{"GEO":"CRS3035RES200mN2879000E3773800","GEO_OBJECT":"C200M","OBS_STATUS":"A","lcog_geo":"94053","ind":117.5,"men":52,"men_pauv":0,"men_1ind":11,"men_5ind":0,"men_prop":50,"men_fmp":6,"ind_snv":3699945.1,"men_surf":4979,"men_coll":0,"men_mais":52,"log_soc":0,"ind_inc":0,"log":52,"ind_0_17":11.5,"ind_65p":51}},{"type":"Feature","geometry":{"type":"Polygon","coordinates":[[[2.5403738021850586,48.77466041213751],[2.5406742095947266,48.77287860426384],[2.5379276275634766,48.772708904977776],[2.537670135498047,48.774490718874034],[2.5403738021850586,48.77466041213751]]]},"id":1059988525,"properties":{"GEO":"CRS3035RES200mN2878800E3773400","GEO_OBJECT":"C200M","OBS_STATUS":"A","lcog_geo":"94053","ind":168.5,"men":52,"men_pauv":2,"men_1ind":7,"men_5ind":10,"men_prop":28,"men_fmp":7,"ind_snv":4988445.9,"men_surf":6124,"men_coll":0,"men_mais":52,"log_soc":0,"ind_inc":1,"log":52,"ind_0_17":48,"ind_65p":26}},{"type":"Feature","geometry":{"type":"Polygon","coordinates":[[[2.5393009185791016,48.7637423103248],[2.5395584106445312,48.76196011498624],[2.5368547439575195,48.761790378798594],[2.53659725189209,48.76357258016006],[2.5393009185791016,48.7637423103248]]]},"id":1059983889,"properties":{"GEO":"CRS3035RES200mN2877600E3773200","GEO_OBJECT":"C200M","OBS_STATUS":"A","lcog_geo":"94071","ind":125,"men":42,"men_pauv":1,"men_1ind":2,"men_5ind":6,"men_prop":42,"men_fmp":3,"ind_snv":4439219.7,"men_surf":5067,"men_coll":0,"men_mais":42,"log_soc":0,"ind_inc":0,"log":42,"ind_0_17":22,"ind_65p":18}},{"type":"Feature","geometry":{"type":"Polygon","coordinates":[[[2.536039352416992,48.76716507955513],[2.536296844482422,48.76535471828106],[2.53359317779541,48.76518499356561],[2.5333356857299805,48.766967074469505],[2.536039352416992,48.76716507955513]]]},"id":1059985425,"properties":{"GEO":"CRS3035RES200mN2878000E3773000","GEO_OBJECT":"C200M","OBS_STATUS":"A","lcog_geo":"94071","ind":166,"men":59,"men_pauv":0,"men_1ind":6,"men_5ind":2,"men_prop":58,"men_fmp":6,"ind_snv":6463267.2,"men_surf":7633,"men_coll":0,"men_mais":59,"log_soc":0,"ind_inc":1,"log":59,"ind_0_17":27,"ind_65p":36}},{"type":"Feature","geometry":{"type":"Polygon","coordinates":[[[2.5333356857299805,48.766967074469505],[2.53359317779541,48.76518499356561],[2.5308895111083984,48.7649869806726],[2.5306320190429688,48.766797355203266],[2.5333356857299805,48.766967074469505]]]},"id":1059985424,"properties":{"GEO":"CRS3035RES200mN2878000E3772800","GEO_OBJECT":"C200M","OBS_STATUS":"A","lcog_geo":"94071","ind":240,"men":100,"men_pauv":2,"men_1ind":21,"men_5ind":7,"men_prop":86,"men_fmp":11,"ind_snv":8327349.8,"men_surf":10639,"men_coll":42,"men_mais":58,"log_soc":0,"ind_inc":0,"log":100,"ind_0_17":38,"ind_65p":69}},{"type":"Feature","geometry":{"type":"Polygon","coordinates":[[[2.5357818603515625,48.76894709019294],[2.536039352416992,48.76716507955513],[2.5333356857299805,48.766967074469505],[2.533078193664551,48.76874909213387],[2.5357818603515625,48.76894709019294]]]},"id":1059986186,"properties":{"GEO":"CRS3035RES200mN2878200E3773000","GEO_OBJECT":"C200M","OBS_STATUS":"A","lcog_geo":"94071","ind":261,"men":149,"men_pauv":7,"men_1ind":85,"men_5ind":2,"men_prop":62,"men_fmp":10,"ind_snv":8069316.5,"men_surf":9782,"men_coll":109,"men_mais":40,"log_soc":66,"ind_inc":2,"log":149,"ind_0_17":36,"ind_65p":116}},{"type":"Feature","geometry":{"type":"Polygon","coordinates":[[[2.538485527038574,48.76911680219362],[2.538743019104004,48.76733479757854],[2.536039352416992,48.76716507955513],[2.5357818603515625,48.76894709019294],[2.538485527038574,48.76911680219362]]]},"id":1059986187,"properties":{"GEO":"CRS3035RES200mN2878200E3773200","GEO_OBJECT":"C200M","OBS_STATUS":"A","lcog_geo":"94071","ind":137,"men":52,"men_pauv":1,"men_1ind":4,"men_5ind":2,"men_prop":52,"men_fmp":1,"ind_snv":4882771.1,"men_surf":5202,"men_coll":0,"men_mais":52,"log_soc":0,"ind_inc":0,"log":52,"ind_0_17":24,"ind_65p":49}},{"type":"Feature","geometry":{"type":"Polygon","coordinates":[[[2.532777786254883,48.770559331040346],[2.533078193664551,48.76874909213387],[2.530374526977539,48.76857937889045],[2.530074119567871,48.77036133933862],[2.532777786254883,48.770559331040346]]]},"id":1059986939,"properties":{"GEO":"CRS3035RES200mN2878400E3772800","GEO_OBJECT":"C200M","OBS_STATUS":"I","lcog_geo":"94071","ind":20.5,"men":6.3,"men_pauv":0,"men_1ind":0.4,"men_5ind":1.3,"men_prop":2.1,"men_fmp":1.3,"ind_snv":600007,"men_surf":599.4,"men_coll":3.8,"men_mais":2.5,"log_soc":0,"ind_inc":0,"log":6.300000000000001,"ind_0_17":3.6,"ind_65p":2.5}},{"type":"Feature","geometry":{"type":"Polygon","coordinates":[[[2.530374526977539,48.76857937889045],[2.5306320190429688,48.766797355203266],[2.527928352355957,48.76659934866768],[2.527627944946289,48.76838137938145],[2.530374526977539,48.76857937889045]]]},"id":1059986184,"properties":{"GEO":"CRS3035RES200mN2878200E3772600","GEO_OBJECT":"C200M","OBS_STATUS":"A","lcog_geo":"94071","ind":528.5,"men":240,"men_pauv":14,"men_1ind":96,"men_5ind":14,"men_prop":163,"men_fmp":39,"ind_snv":14286607.4,"men_surf":16295,"men_coll":224,"men_mais":16,"log_soc":27,"ind_inc":0,"log":240,"ind_0_17":126.5,"ind_65p":87}},{"type":"Feature","geometry":{"type":"Polygon","coordinates":[[[2.5306320190429688,48.766797355203266],[2.5308895111083984,48.7649869806726],[2.5281858444213867,48.76481725471433],[2.527928352355957,48.76659934866768],[2.5306320190429688,48.766797355203266]]]},"id":1059985423,"properties":{"GEO":"CRS3035RES200mN2878000E3772600","GEO_OBJECT":"C200M","OBS_STATUS":"A","lcog_geo":"94071","ind":622.5,"men":221,"men_pauv":44,"men_1ind":64,"men_5ind":41,"men_prop":1,"men_fmp":51,"ind_snv":11188832,"men_surf":16557,"men_coll":220,"men_mais":1,"log_soc":219,"ind_inc":0,"log":221,"ind_0_17":207,"ind_65p":61}},{"type":"Feature","geometry":{"type":"Polygon","coordinates":[[[2.5308895111083984,48.7649869806726],[2.531147003173828,48.763204829502],[2.5284433364868164,48.763035097520856],[2.5281858444213867,48.76481725471433],[2.5308895111083984,48.7649869806726]]]},"id":1059984652,"properties":{"GEO":"CRS3035RES200mN2877800E3772600","GEO_OBJECT":"C200M","OBS_STATUS":"A","lcog_geo":"94071","ind":267,"men":87,"men_pauv":4,"men_1ind":14,"men_5ind":17,"men_prop":82,"men_fmp":9,"ind_snv":7812020.2,"men_surf":7010,"men_coll":0,"men_mais":87,"log_soc":0,"ind_inc":1,"log":87,"ind_0_17":70,"ind_65p":36}},{"type":"Feature","geometry":{"type":"Polygon","coordinates":[[[2.533078193664551,48.76874909213387],[2.5333356857299805,48.766967074469505],[2.5306320190429688,48.766797355203266],[2.530374526977539,48.76857937889045],[2.533078193664551,48.76874909213387]]]},"id":1059986185,"properties":{"GEO":"CRS3035RES200mN2878200E3772800","GEO_OBJECT":"C200M","OBS_STATUS":"I","lcog_geo":"94071","ind":9,"men":2.8,"men_pauv":0,"men_1ind":0.2,"men_5ind":0.6,"men_prop":0.9,"men_fmp":0.6,"ind_snv":263417.7,"men_surf":263.1,"men_coll":1.7,"men_mais":1.1,"log_soc":0,"ind_inc":0,"log":2.8,"ind_0_17":1.5999999999999999,"ind_65p":1.1}},{"type":"Feature","geometry":{"type":"Polygon","coordinates":[[[2.532520294189453,48.77234122122354],[2.532777786254883,48.770559331040346],[2.530074119567871,48.77036133933862],[2.5298166275024414,48.77214323654832],[2.532520294189453,48.77234122122354]]]},"id":1059987742,"properties":{"GEO":"CRS3035RES200mN2878600E3772800","GEO_OBJECT":"C200M","OBS_STATUS":"A","lcog_geo":"94071","ind":191,"men":94,"men_pauv":7,"men_1ind":39,"men_5ind":5,"men_prop":52,"men_fmp":12,"ind_snv":5552064.2,"men_surf":6909,"men_coll":66,"men_mais":28,"log_soc":15,"ind_inc":0,"log":94,"ind_0_17":32,"ind_65p":33}},{"type":"Feature","geometry":{"type":"Polygon","coordinates":[[[2.530074119567871,48.77036133933862],[2.530374526977539,48.76857937889045],[2.527627944946289,48.76838137938145],[2.5273704528808594,48.77019163154429],[2.530074119567871,48.77036133933862]]]},"id":1059986938,"properties":{"GEO":"CRS3035RES200mN2878400E3772600","GEO_OBJECT":"C200M","OBS_STATUS":"I","lcog_geo":"94071","ind":19,"men":5.9,"men_pauv":0,"men_1ind":0.4,"men_5ind":1.2,"men_prop":2,"men_fmp":1.2,"ind_snv":556104,"men_surf":555.5,"men_coll":3.5,"men_mais":2.4,"log_soc":0,"ind_inc":0,"log":5.9,"ind_0_17":3.4,"ind_65p":2.4}},{"type":"Feature","geometry":{"type":"Polygon","coordinates":[[[2.5382280349731445,48.7708987435698],[2.538485527038574,48.76911680219362],[2.5357818603515625,48.76894709019294],[2.535524368286133,48.77072903759188],[2.5382280349731445,48.7708987435698]]]},"id":1059986941,"properties":{"GEO":"CRS3035RES200mN2878400E3773200","GEO_OBJECT":"C200M","OBS_STATUS":"A","lcog_geo":"94071","ind":213,"men":115,"men_pauv":3,"men_1ind":50,"men_5ind":2,"men_prop":100,"men_fmp":17,"ind_snv":6636382.2,"men_surf":8715,"men_coll":87,"men_mais":28,"log_soc":0,"ind_inc":0,"log":115,"ind_0_17":23.5,"ind_65p":78}},{"type":"Feature","geometry":{"type":"Polygon","coordinates":[[[2.535524368286133,48.77072903759188],[2.5357818603515625,48.76894709019294],[2.533078193664551,48.76874909213387],[2.532777786254883,48.770559331040346],[2.535524368286133,48.77072903759188]]]},"id":1059986940,"properties":{"GEO":"CRS3035RES200mN2878400E3773000","GEO_OBJECT":"C200M","OBS_STATUS":"A","lcog_geo":"94071","ind":74,"men":35,"men_pauv":0,"men_1ind":11,"men_5ind":1,"men_prop":28,"men_fmp":3,"ind_snv":2335044.4,"men_surf":2619,"men_coll":30,"men_mais":5,"log_soc":0,"ind_inc":0,"log":35,"ind_0_17":9,"ind_65p":17}},{"type":"Feature","geometry":{"type":"Polygon","coordinates":[[[2.537670135498047,48.774490718874034],[2.5379276275634766,48.772708904977776],[2.535223960876465,48.7725109217524],[2.534966468811035,48.77429274267507],[2.537670135498047,48.774490718874034]]]},"id":1059988524,"properties":{"GEO":"CRS3035RES200mN2878800E3773200","GEO_OBJECT":"C200M","OBS_STATUS":"A","lcog_geo":"9407194053","ind":75,"men":27,"men_pauv":0,"men_1ind":6,"men_5ind":4,"men_prop":27,"men_fmp":1,"ind_snv":2759400.3,"men_surf":3222,"men_coll":0,"men_mais":27,"log_soc":0,"ind_inc":0,"log":27,"ind_0_17":21.5,"ind_65p":15}},{"type":"Feature","geometry":{"type":"Polygon","coordinates":[[[2.535223960876465,48.7725109217524],[2.535524368286133,48.77072903759188],[2.532777786254883,48.770559331040346],[2.532520294189453,48.77234122122354],[2.535223960876465,48.7725109217524]]]},"id":1059987743,"properties":{"GEO":"CRS3035RES200mN2878600E3773000","GEO_OBJECT":"C200M","OBS_STATUS":"A","lcog_geo":"94071","ind":326,"men":127,"men_pauv":0,"men_1ind":16,"men_5ind":5,"men_prop":126,"men_fmp":5,"ind_snv":12615707.6,"men_surf":15077,"men_coll":0,"men_mais":127,"log_soc":0,"ind_inc":0,"log":127,"ind_0_17":59,"ind_65p":112}},{"type":"Feature","geometry":{"type":"Polygon","coordinates":[[[2.5322628021240234,48.77412304816889],[2.532520294189453,48.77234122122354],[2.5298166275024414,48.77214323654832],[2.5295591354370117,48.77395335308907],[2.5322628021240234,48.77412304816889]]]},"id":1059988522,"properties":{"GEO":"CRS3035RES200mN2878800E3772800","GEO_OBJECT":"C200M","OBS_STATUS":"A","lcog_geo":"94071","ind":134,"men":47,"men_pauv":2,"men_1ind":9,"men_5ind":6,"men_prop":45,"men_fmp":2,"ind_snv":4025394.3,"men_surf":4979,"men_coll":5,"men_mais":42,"log_soc":0,"ind_inc":0,"log":47,"ind_0_17":26,"ind_65p":22}},{"type":"Feature","geometry":{"type":"Polygon","coordinates":[[[2.540116310119629,48.776470437924985],[2.5403738021850586,48.77466041213751],[2.537670135498047,48.774490718874034],[2.537412643432617,48.77627246953307],[2.540116310119629,48.776470437924985]]]},"id":1059989330,"properties":{"GEO":"CRS3035RES200mN2879000E3773400","GEO_OBJECT":"C200M","OBS_STATUS":"A","lcog_geo":"94053","ind":115,"men":34,"men_pauv":2,"men_1ind":3,"men_5ind":9,"men_prop":32,"men_fmp":1,"ind_snv":3900798.4,"men_surf":4348,"men_coll":0,"men_mais":34,"log_soc":0,"ind_inc":0,"log":34,"ind_0_17":30,"ind_65p":20}},{"type":"Feature","geometry":{"type":"Polygon","coordinates":[[[2.537412643432617,48.77627246953307],[2.537670135498047,48.774490718874034],[2.534966468811035,48.77429274267507],[2.5347089767456055,48.77610278171858],[2.537412643432617,48.77627246953307]]]},"id":1059989329,"properties":{"GEO":"CRS3035RES200mN2879000E3773200","GEO_OBJECT":"C200M","OBS_STATUS":"A","lcog_geo":"9405394071","ind":76,"men":23,"men_pauv":1,"men_1ind":2,"men_5ind":5,"men_prop":21,"men_fmp":1,"ind_snv":2596521.1,"men_surf":3093,"men_coll":0,"men_mais":23,"log_soc":0,"ind_inc":0,"log":23,"ind_0_17":19,"ind_65p":13}},{"type":"Feature","geometry":{"type":"Polygon","coordinates":[[[2.539858818054199,48.77825211832095],[2.540116310119629,48.776470437924985],[2.537412643432617,48.77627246953307],[2.5371551513671875,48.77805415695528],[2.539858818054199,48.77825211832095]]]},"id":1059990147,"properties":{"GEO":"CRS3035RES200mN2879200E3773400","GEO_OBJECT":"C200M","OBS_STATUS":"A","lcog_geo":"9405394055","ind":130,"men":43,"men_pauv":1,"men_1ind":7,"men_5ind":6,"men_prop":34,"men_fmp":0,"ind_snv":3760888.4,"men_surf":4102,"men_coll":0,"men_mais":43,"log_soc":0,"ind_inc":0,"log":43,"ind_0_17":34,"ind_65p":17}},{"type":"Feature","geometry":{"type":"Polygon","coordinates":[[[2.5371551513671875,48.77805415695528],[2.537412643432617,48.77627246953307],[2.5347089767456055,48.77610278171858],[2.5344085693359375,48.77788447516335],[2.5371551513671875,48.77805415695528]]]},"id":1059990146,"properties":{"GEO":"CRS3035RES200mN2879200E3773200","GEO_OBJECT":"C200M","OBS_STATUS":"I","lcog_geo":"940559405394071","ind":24.5,"men":9,"men_pauv":0,"men_1ind":1.9,"men_5ind":0.5,"men_prop":8.6,"men_fmp":0,"ind_snv":859676.9,"men_surf":1045.2,"men_coll":0,"men_mais":9,"log_soc":0,"ind_inc":0,"log":9,"ind_0_17":5.5,"ind_65p":5.699999999999999}},{"type":"Feature","geometry":{"type":"Polygon","coordinates":[[[2.534151077270508,48.77966610537183],[2.5344085693359375,48.77788447516335],[2.531704902648926,48.77768651234783],[2.531447410583496,48.7794964290288],[2.534151077270508,48.77966610537183]]]},"id":1059990986,"properties":{"GEO":"CRS3035RES200mN2879400E3773000","GEO_OBJECT":"C200M","OBS_STATUS":"A","lcog_geo":"94055","ind":45,"men":18,"men_pauv":1,"men_1ind":1,"men_5ind":0,"men_prop":17,"men_fmp":1,"ind_snv":1555366.4,"men_surf":2473,"men_coll":0,"men_mais":18,"log_soc":0,"ind_inc":0,"log":18,"ind_0_17":5,"ind_65p":15}},{"type":"Feature","geometry":{"type":"Polygon","coordinates":[[[2.5344085693359375,48.77788447516335],[2.5347089767456055,48.77610278171858],[2.5320053100585938,48.775904811876785],[2.531704902648926,48.77768651234783],[2.5344085693359375,48.77788447516335]]]},"id":1059990145,"properties":{"GEO":"CRS3035RES200mN2879200E3773000","GEO_OBJECT":"C200M","OBS_STATUS":"A","lcog_geo":"9407194055","ind":32,"men":13,"men_pauv":2,"men_1ind":2,"men_5ind":0,"men_prop":10,"men_fmp":1,"ind_snv":1065491.2,"men_surf":1512,"men_coll":0,"men_mais":13,"log_soc":0,"ind_inc":0,"log":13,"ind_0_17":2,"ind_65p":6}},{"type":"Feature","geometry":{"type":"Polygon","coordinates":[[[2.5347089767456055,48.77610278171858],[2.534966468811035,48.77429274267507],[2.5322628021240234,48.77412304816889],[2.5320053100585938,48.775904811876785],[2.5347089767456055,48.77610278171858]]]},"id":1059989328,"properties":{"GEO":"CRS3035RES200mN2879000E3773000","GEO_OBJECT":"C200M","OBS_STATUS":"A","lcog_geo":"94071","ind":69,"men":26,"men_pauv":0,"men_1ind":3,"men_5ind":1,"men_prop":25,"men_fmp":2,"ind_snv":2462885.6,"men_surf":3300,"men_coll":0,"men_mais":26,"log_soc":0,"ind_inc":0,"log":26,"ind_0_17":14,"ind_65p":12}},{"type":"Feature","geometry":{"type":"Polygon","coordinates":[[[2.534966468811035,48.77429274267507],[2.535223960876465,48.7725109217524],[2.532520294189453,48.77234122122354],[2.5322628021240234,48.77412304816889],[2.534966468811035,48.77429274267507]]]},"id":1059988523,"properties":{"GEO":"CRS3035RES200mN2878800E3773000","GEO_OBJECT":"C200M","OBS_STATUS":"A","lcog_geo":"94071","ind":108,"men":39,"men_pauv":1,"men_1ind":6,"men_5ind":5,"men_prop":37,"men_fmp":1,"ind_snv":4257744.6,"men_surf":5088,"men_coll":1,"men_mais":38,"log_soc":0,"ind_inc":0,"log":39,"ind_0_17":25,"ind_65p":25}},{"type":"Feature","geometry":{"type":"Polygon","coordinates":[[[2.5295591354370117,48.77395335308907],[2.5298166275024414,48.77214323654832],[2.5271129608154297,48.77197353477669],[2.52685546875,48.773755374771014],[2.5295591354370117,48.77395335308907]]]},"id":1059988521,"properties":{"GEO":"CRS3035RES200mN2878800E3772600","GEO_OBJECT":"C200M","OBS_STATUS":"A","lcog_geo":"94071","ind":83.5,"men":33,"men_pauv":3,"men_1ind":8,"men_5ind":2,"men_prop":26,"men_fmp":1,"ind_snv":2200383.8,"men_surf":3688,"men_coll":1,"men_mais":32,"log_soc":0,"ind_inc":0,"log":33,"ind_0_17":19.5,"ind_65p":23}},{"type":"Feature","geometry":{"type":"Polygon","coordinates":[[[2.52685546875,48.773755374771014],[2.5271129608154297,48.77197353477669],[2.524409294128418,48.77177554865153],[2.5241518020629883,48.773585678448484],[2.52685546875,48.773755374771014]]]},"id":1059988520,"properties":{"GEO":"CRS3035RES200mN2878800E3772400","GEO_OBJECT":"C200M","OBS_STATUS":"A","lcog_geo":"94071","ind":591,"men":227,"men_pauv":29,"men_1ind":73,"men_5ind":29,"men_prop":71,"men_fmp":36,"ind_snv":12505220.8,"men_surf":14882,"men_coll":217,"men_mais":10,"log_soc":147,"ind_inc":2,"log":227,"ind_0_17":169.5,"ind_65p":107}},{"type":"Feature","geometry":{"type":"Polygon","coordinates":[[[2.5298166275024414,48.77214323654832],[2.530074119567871,48.77036133933862],[2.5273704528808594,48.77019163154429],[2.5271129608154297,48.77197353477669],[2.5298166275024414,48.77214323654832]]]},"id":1059987741,"properties":{"GEO":"CRS3035RES200mN2878600E3772600","GEO_OBJECT":"C200M","OBS_STATUS":"A","lcog_geo":"94071","ind":87,"men":35,"men_pauv":1,"men_1ind":8,"men_5ind":3,"men_prop":32,"men_fmp":3,"ind_snv":2898814,"men_surf":3733,"men_coll":0,"men_mais":35,"log_soc":0,"ind_inc":0,"log":35,"ind_0_17":13,"ind_65p":27}},{"type":"Feature","geometry":{"type":"Polygon","coordinates":[[[2.5320053100585938,48.775904811876785],[2.5322628021240234,48.77412304816889],[2.5295591354370117,48.77395335308907],[2.5292587280273438,48.775735122819555],[2.5320053100585938,48.775904811876785]]]},"id":1059989327,"properties":{"GEO":"CRS3035RES200mN2879000E3772800","GEO_OBJECT":"C200M","OBS_STATUS":"A","lcog_geo":"94071","ind":866,"men":282,"men_pauv":60,"men_1ind":69,"men_5ind":60,"men_prop":141,"men_fmp":39,"ind_snv":16606959.1,"men_surf":19673,"men_coll":260,"men_mais":22,"log_soc":91,"ind_inc":8,"log":282,"ind_0_17":258,"ind_65p":65}},{"type":"Feature","geometry":{"type":"Polygon","coordinates":[[[2.529001235961914,48.77751682931316],[2.5292587280273438,48.775735122819555],[2.526555061340332,48.775537151527885],[2.5262975692749023,48.77734714570491],[2.529001235961914,48.77751682931316]]]},"id":1059990144,"properties":{"GEO":"CRS3035RES200mN2879200E3772600","GEO_OBJECT":"C200M","OBS_STATUS":"A","lcog_geo":"9407194055","ind":147.5,"men":49,"men_pauv":11,"men_1ind":8,"men_5ind":7,"men_prop":0,"men_fmp":13,"ind_snv":2510746,"men_surf":3007,"men_coll":49,"men_mais":0,"log_soc":49,"ind_inc":0,"log":49,"ind_0_17":50.5,"ind_65p":16}},{"type":"Feature","geometry":{"type":"Polygon","coordinates":[[[2.5292587280273438,48.775735122819555],[2.5295591354370117,48.77395335308907],[2.52685546875,48.773755374771014],[2.526555061340332,48.775537151527885],[2.5292587280273438,48.775735122819555]]]},"id":1059989326,"properties":{"GEO":"CRS3035RES200mN2879000E3772600","GEO_OBJECT":"C200M","OBS_STATUS":"A","lcog_geo":"94071","ind":783.5,"men":337,"men_pauv":25,"men_1ind":110,"men_5ind":22,"men_prop":224,"men_fmp":62,"ind_snv":18169716.1,"men_surf":22920,"men_coll":336,"men_mais":1,"log_soc":18,"ind_inc":0,"log":337,"ind_0_17":211,"ind_65p":103}},{"type":"Feature","geometry":{"type":"Polygon","coordinates":[[[2.531447410583496,48.7794964290288],[2.531704902648926,48.77768651234783],[2.529001235961914,48.77751682931316],[2.5287437438964844,48.77929847257033],[2.531447410583496,48.7794964290288]]]},"id":1059990985,"properties":{"GEO":"CRS3035RES200mN2879400E3772800","GEO_OBJECT":"C200M","OBS_STATUS":"I","lcog_geo":"9405594071","ind":17,"men":5.5,"men_pauv":1,"men_1ind":1.5,"men_5ind":1,"men_prop":1.5,"men_fmp":1.2,"ind_snv":397638.5,"men_surf":485,"men_coll":0,"men_mais":5.5,"log_soc":4,"ind_inc":0,"log":5.5,"ind_0_17":5.6000000000000005,"ind_65p":1.8}},{"type":"Feature","geometry":{"type":"Polygon","coordinates":[[[2.524409294128418,48.75372724914473],[2.5246667861938477,48.751944698445584],[2.521963119506836,48.751746633352866],[2.521662712097168,48.75352919107908],[2.524409294128418,48.75372724914473]]]},"id":1059980108,"properties":{"GEO":"CRS3035RES200mN2876600E3772000","GEO_OBJECT":"C200M","OBS_STATUS":"A","lcog_geo":"94004","ind":39.5,"men":14,"men_pauv":1,"men_1ind":2,"men_5ind":1,"men_prop":11,"men_fmp":2,"ind_snv":1042405,"men_surf":1366,"men_coll":2,"men_mais":12,"log_soc":0,"ind_inc":0,"log":14,"ind_0_17":7.5,"ind_65p":6}},{"type":"Feature","geometry":{"type":"Polygon","coordinates":[[[2.521963119506836,48.751746633352866],[2.5222206115722656,48.74996401238272],[2.519516944885254,48.749765939482074],[2.519259452819824,48.751576862651916],[2.521963119506836,48.751746633352866]]]},"id":1059979318,"properties":{"GEO":"CRS3035RES200mN2876400E3771800","GEO_OBJECT":"C200M","OBS_STATUS":"I","lcog_geo":"94004","ind":18,"men":6.2,"men_pauv":0.3,"men_1ind":0.5,"men_5ind":0.3,"men_prop":5.1,"men_fmp":0.8,"ind_snv":550732.9,"men_surf":642.6,"men_coll":0.5,"men_mais":5.7,"log_soc":0,"ind_inc":0,"log":6.2,"ind_0_17":5.7,"ind_65p":2.8}},{"type":"Feature","geometry":{"type":"Polygon","coordinates":[[[2.5268125534057617,48.75567949401224],[2.5271129608154297,48.75389701257956],[2.524409294128418,48.75372724914473],[2.52410888671875,48.755509736600544],[2.5268125534057617,48.75567949401224]]]},"id":1059980832,"properties":{"GEO":"CRS3035RES200mN2876800E3772200","GEO_OBJECT":"C200M","OBS_STATUS":"A","lcog_geo":"94004","ind":121,"men":40,"men_pauv":2,"men_1ind":5,"men_5ind":7,"men_prop":30,"men_fmp":2,"ind_snv":3378300.6,"men_surf":3628,"men_coll":6,"men_mais":34,"log_soc":0,"ind_inc":0,"log":40,"ind_0_17":32,"ind_65p":24}},{"type":"Feature","geometry":{"type":"Polygon","coordinates":[[[2.5271129608154297,48.75389701257956],[2.5273704528808594,48.752114467903624],[2.5246667861938477,48.751944698445584],[2.524409294128418,48.75372724914473],[2.5271129608154297,48.75389701257956]]]},"id":1059980109,"properties":{"GEO":"CRS3035RES200mN2876600E3772200","GEO_OBJECT":"C200M","OBS_STATUS":"A","lcog_geo":"94004","ind":123,"men":46,"men_pauv":4,"men_1ind":7,"men_5ind":5,"men_prop":39,"men_fmp":3,"ind_snv":3224685.5,"men_surf":4161,"men_coll":5,"men_mais":41,"log_soc":0,"ind_inc":0,"log":46,"ind_0_17":27,"ind_65p":24}},{"type":"Feature","geometry":{"type":"Polygon","coordinates":[[[2.526555061340332,48.75749020404447],[2.5268125534057617,48.75567949401224],[2.52410888671875,48.755509736600544],[2.5238513946533203,48.757292160813535],[2.526555061340332,48.75749020404447]]]},"id":1059981565,"properties":{"GEO":"CRS3035RES200mN2877000E3772200","GEO_OBJECT":"C200M","OBS_STATUS":"I","lcog_geo":"9400494071","ind":7,"men":2.6,"men_pauv":0.1,"men_1ind":0.2,"men_5ind":0.3,"men_prop":1.8,"men_fmp":0.4,"ind_snv":200723.4,"men_surf":261.6,"men_coll":0.6,"men_mais":2,"log_soc":0,"ind_inc":0,"log":2.6,"ind_0_17":1.7,"ind_65p":1.2}},{"type":"Feature","geometry":{"type":"Polygon","coordinates":[[[2.52410888671875,48.755509736600544],[2.524409294128418,48.75372724914473],[2.521662712097168,48.75352919107908],[2.5214052200317383,48.75533997861521],[2.52410888671875,48.755509736600544]]]},"id":1059980831,"properties":{"GEO":"CRS3035RES200mN2876800E3772000","GEO_OBJECT":"C200M","OBS_STATUS":"I","lcog_geo":"94004","ind":4,"men":1.7,"men_pauv":0,"men_1ind":0.3,"men_5ind":0,"men_prop":1.2,"men_fmp":0.2,"ind_snv":101547.9,"men_surf":138.2,"men_coll":0,"men_mais":1.7,"log_soc":0,"ind_inc":0,"log":1.7000000000000002,"ind_0_17":0.6,"ind_65p":0.5}},{"type":"Feature","geometry":{"type":"Polygon","coordinates":[[[2.521662712097168,48.75352919107908],[2.521963119506836,48.751746633352866],[2.519259452819824,48.751576862651916],[2.5189590454101562,48.753359426401374],[2.521662712097168,48.75352919107908]]]},"id":1059980107,"properties":{"GEO":"CRS3035RES200mN2876600E3771800","GEO_OBJECT":"C200M","OBS_STATUS":"A","lcog_geo":"94004","ind":126,"men":46,"men_pauv":1,"men_1ind":9,"men_5ind":4,"men_prop":40,"men_fmp":5,"ind_snv":3339113,"men_surf":3691,"men_coll":5,"men_mais":41,"log_soc":0,"ind_inc":0,"log":46,"ind_0_17":23,"ind_65p":31}},{"type":"Feature","geometry":{"type":"Polygon","coordinates":[[[2.519259452819824,48.751576862651916],[2.519516944885254,48.749765939482074],[2.516813278198242,48.749596162088636],[2.5165557861328125,48.75137879610918],[2.519259452819824,48.751576862651916]]]},"id":1059979317,"properties":{"GEO":"CRS3035RES200mN2876400E3771600","GEO_OBJECT":"C200M","OBS_STATUS":"A","lcog_geo":"94004","ind":451.5,"men":197,"men_pauv":38,"men_1ind":83,"men_5ind":20,"men_prop":24,"men_fmp":31,"ind_snv":8463780.1,"men_surf":10863,"men_coll":183,"men_mais":14,"log_soc":158,"ind_inc":0,"log":197,"ind_0_17":121.5,"ind_65p":49}},{"type":"Feature","geometry":{"type":"Polygon","coordinates":[[[2.5189590454101562,48.753359426401374],[2.519259452819824,48.751576862651916],[2.5165557861328125,48.75137879610918],[2.5162553787231445,48.75316136688565],[2.5189590454101562,48.753359426401374]]]},"id":1059980106,"properties":{"GEO":"CRS3035RES200mN2876600E3771600","GEO_OBJECT":"C200M","OBS_STATUS":"A","lcog_geo":"94004","ind":164,"men":61,"men_pauv":1,"men_1ind":11,"men_5ind":5,"men_prop":56,"men_fmp":7,"ind_snv":4697112.5,"men_surf":4972,"men_coll":9,"men_mais":52,"log_soc":0,"ind_inc":0,"log":61,"ind_0_17":30,"ind_65p":34}},{"type":"Feature","geometry":{"type":"Polygon","coordinates":[[[2.5162553787231445,48.75316136688565],[2.5165557861328125,48.75137879610918],[2.5138092041015625,48.75120902416535],[2.513551712036133,48.75299160096506],[2.5162553787231445,48.75316136688565]]]},"id":1059980105,"properties":{"GEO":"CRS3035RES200mN2876600E3771400","GEO_OBJECT":"C200M","OBS_STATUS":"I","lcog_geo":"94004","ind":48.5,"men":16.6,"men_pauv":0.7,"men_1ind":1.4,"men_5ind":0.7,"men_prop":13.9,"men_fmp":2.1,"ind_snv":1483919.2,"men_surf":1731.4,"men_coll":1.4,"men_mais":15.2,"log_soc":0,"ind_inc":0,"log":16.599999999999998,"ind_0_17":15.2,"ind_65p":7.6}},{"type":"Feature","geometry":{"type":"Polygon","coordinates":[[[2.5287437438964844,48.76125287708675],[2.529001235961914,48.75944230268456],[2.5262975692749023,48.759272557988226],[2.5260400772094727,48.76105484869032],[2.5287437438964844,48.76125287708675]]]},"id":1059983110,"properties":{"GEO":"CRS3035RES200mN2877400E3772400","GEO_OBJECT":"C200M","OBS_STATUS":"A","lcog_geo":"94071","ind":147.5,"men":47,"men_pauv":1,"men_1ind":4,"men_5ind":9,"men_prop":42,"men_fmp":4,"ind_snv":4486261.1,"men_surf":4974,"men_coll":1,"men_mais":46,"log_soc":0,"ind_inc":0,"log":47,"ind_0_17":33.5,"ind_65p":31}},{"type":"Feature","geometry":{"type":"Polygon","coordinates":[[[2.529001235961914,48.75944230268456],[2.5292587280273438,48.757659954763824],[2.526555061340332,48.75749020404447],[2.5262975692749023,48.759272557988226],[2.529001235961914,48.75944230268456]]]},"id":1059982319,"properties":{"GEO":"CRS3035RES200mN2877200E3772400","GEO_OBJECT":"C200M","OBS_STATUS":"A","lcog_geo":"94071","ind":99,"men":28,"men_pauv":0,"men_1ind":4,"men_5ind":11,"men_prop":27,"men_fmp":0,"ind_snv":2686538.1,"men_surf":3483,"men_coll":0,"men_mais":28,"log_soc":0,"ind_inc":0,"log":28,"ind_0_17":23,"ind_65p":20}},{"type":"Feature","geometry":{"type":"Polygon","coordinates":[[[2.5262975692749023,48.759272557988226],[2.526555061340332,48.75749020404447],[2.5238513946533203,48.757292160813535],[2.5235939025878906,48.759074521784214],[2.5262975692749023,48.759272557988226]]]},"id":1059982318,"properties":{"GEO":"CRS3035RES200mN2877200E3772200","GEO_OBJECT":"C200M","OBS_STATUS":"I","lcog_geo":"94071","ind":3,"men":1.1,"men_pauv":0,"men_1ind":0.1,"men_5ind":0.1,"men_prop":0.8,"men_fmp":0.2,"ind_snv":86024.3,"men_surf":112.1,"men_coll":0.2,"men_mais":0.9,"log_soc":0,"ind_inc":0,"log":1.1,"ind_0_17":0.7,"ind_65p":0.5}},{"type":"Feature","geometry":{"type":"Polygon","coordinates":[[[2.5260400772094727,48.76105484869032],[2.5262975692749023,48.759272557988226],[2.5235939025878906,48.759074521784214],[2.5232934951782227,48.760885109443365],[2.5260400772094727,48.76105484869032]]]},"id":1059983109,"properties":{"GEO":"CRS3035RES200mN2877400E3772200","GEO_OBJECT":"C200M","OBS_STATUS":"A","lcog_geo":"94071","ind":52,"men":17,"men_pauv":2,"men_1ind":2,"men_5ind":2,"men_prop":10,"men_fmp":2,"ind_snv":1591060.5,"men_surf":1712,"men_coll":6,"men_mais":11,"log_soc":0,"ind_inc":0,"log":17,"ind_0_17":9,"ind_65p":7}},{"type":"Feature","geometry":{"type":"Polygon","coordinates":[[[2.5257396697998047,48.762837076151186],[2.5260400772094727,48.76105484869032],[2.5232934951782227,48.760885109443365],[2.523036003112793,48.762667342927216],[2.5257396697998047,48.762837076151186]]]},"id":1059983884,"properties":{"GEO":"CRS3035RES200mN2877600E3772200","GEO_OBJECT":"C200M","OBS_STATUS":"A","lcog_geo":"94071","ind":81,"men":28,"men_pauv":2,"men_1ind":2,"men_5ind":1,"men_prop":23,"men_fmp":2,"ind_snv":2742384.3,"men_surf":3241,"men_coll":0,"men_mais":28,"log_soc":0,"ind_inc":0,"log":28,"ind_0_17":26,"ind_65p":10}},{"type":"Feature","geometry":{"type":"Polygon","coordinates":[[[2.525482177734375,48.76464752818245],[2.5257396697998047,48.762837076151186],[2.523036003112793,48.762667342927216],[2.5227785110473633,48.76444951317026],[2.525482177734375,48.76464752818245]]]},"id":1059984650,"properties":{"GEO":"CRS3035RES200mN2877800E3772200","GEO_OBJECT":"C200M","OBS_STATUS":"A","lcog_geo":"94071","ind":154.5,"men":55,"men_pauv":4,"men_1ind":9,"men_5ind":4,"men_prop":49,"men_fmp":4,"ind_snv":5167149.9,"men_surf":5921,"men_coll":3,"men_mais":52,"log_soc":0,"ind_inc":0,"log":55,"ind_0_17":31.5,"ind_65p":28}},{"type":"Feature","geometry":{"type":"Polygon","coordinates":[[[2.5227785110473633,48.76444951317026],[2.523036003112793,48.762667342927216],[2.5203323364257812,48.762469320107556],[2.5200748443603516,48.76427978539556],[2.5227785110473633,48.76444951317026]]]},"id":1059984649,"properties":{"GEO":"CRS3035RES200mN2877800E3772000","GEO_OBJECT":"C200M","OBS_STATUS":"A","lcog_geo":"94071","ind":120,"men":45,"men_pauv":2,"men_1ind":7,"men_5ind":4,"men_prop":34,"men_fmp":10,"ind_snv":3838962.1,"men_surf":4915,"men_coll":7,"men_mais":38,"log_soc":0,"ind_inc":0,"log":45,"ind_0_17":22,"ind_65p":24}},{"type":"Feature","geometry":{"type":"Polygon","coordinates":[[[2.523036003112793,48.762667342927216],[2.5232934951782227,48.760885109443365],[2.520589828491211,48.76068707959695],[2.5203323364257812,48.762469320107556],[2.523036003112793,48.762667342927216]]]},"id":1059983883,"properties":{"GEO":"CRS3035RES200mN2877600E3772000","GEO_OBJECT":"C200M","OBS_STATUS":"I","lcog_geo":"94071","ind":11,"men":4,"men_pauv":0.2,"men_1ind":0.3,"men_5ind":0.5,"men_prop":2.8,"men_fmp":0.7,"ind_snv":315422.5,"men_surf":411,"men_coll":0.9,"men_mais":3.1,"log_soc":0,"ind_inc":0,"log":4,"ind_0_17":2.6,"ind_65p":1.9}},{"type":"Feature","geometry":{"type":"Polygon","coordinates":[[[2.5200748443603516,48.76427978539556],[2.5203323364257812,48.762469320107556],[2.5176286697387695,48.76229958564076],[2.51737117767334,48.76408176893344],[2.5200748443603516,48.76427978539556]]]},"id":1059984648,"properties":{"GEO":"CRS3035RES200mN2877800E3771800","GEO_OBJECT":"C200M","OBS_STATUS":"A","lcog_geo":"94071","ind":79,"men":29,"men_pauv":1,"men_1ind":7,"men_5ind":3,"men_prop":23,"men_fmp":1,"ind_snv":2287083.1,"men_surf":2615,"men_coll":6,"men_mais":23,"log_soc":0,"ind_inc":0,"log":29,"ind_0_17":10,"ind_65p":15}},{"type":"Feature","geometry":{"type":"Polygon","coordinates":[[[2.5165557861328125,48.75137879610918],[2.516813278198242,48.749596162088636],[2.5141096115112305,48.74942638412156],[2.5138092041015625,48.75120902416535],[2.5165557861328125,48.75137879610918]]]},"id":1059979316,"properties":{"GEO":"CRS3035RES200mN2876400E3771400","GEO_OBJECT":"C200M","OBS_STATUS":"A","lcog_geo":"94004","ind":101,"men":37,"men_pauv":3,"men_1ind":10,"men_5ind":4,"men_prop":32,"men_fmp":2,"ind_snv":2779870.9,"men_surf":3818,"men_coll":0,"men_mais":37,"log_soc":0,"ind_inc":0,"log":37,"ind_0_17":26,"ind_65p":14}},{"type":"Feature","geometry":{"type":"Polygon","coordinates":[[[2.513551712036133,48.75299160096506],[2.5138092041015625,48.75120902416535],[2.511105537414551,48.751010956172536],[2.510848045349121,48.752821834470836],[2.513551712036133,48.75299160096506]]]},"id":1059980104,"properties":{"GEO":"CRS3035RES200mN2876600E3771200","GEO_OBJECT":"C200M","OBS_STATUS":"A","lcog_geo":"94004","ind":34,"men":16,"men_pauv":7,"men_1ind":11,"men_5ind":2,"men_prop":4,"men_fmp":0,"ind_snv":793182.3,"men_surf":860,"men_coll":12,"men_mais":4,"log_soc":0,"ind_inc":0,"log":16,"ind_0_17":8,"ind_65p":2}},{"type":"Feature","geometry":{"type":"Polygon","coordinates":[[[2.5138092041015625,48.75120902416535],[2.5141096115112305,48.74942638412156],[2.5114059448242188,48.749228309101596],[2.511105537414551,48.751010956172536],[2.5138092041015625,48.75120902416535]]]},"id":1059979315,"properties":{"GEO":"CRS3035RES200mN2876400E3771200","GEO_OBJECT":"C200M","OBS_STATUS":"A","lcog_geo":"94004","ind":321.5,"men":169,"men_pauv":28,"men_1ind":77,"men_5ind":4,"men_prop":54,"men_fmp":24,"ind_snv":7446123.6,"men_surf":9438,"men_coll":146,"men_mais":23,"log_soc":0,"ind_inc":0,"log":169,"ind_0_17":51,"ind_65p":39}},{"type":"Feature","geometry":{"type":"Polygon","coordinates":[[[2.511105537414551,48.751010956172536],[2.5114059448242188,48.749228309101596],[2.508702278137207,48.74905852989161],[2.508401870727539,48.75084118298582],[2.511105537414551,48.751010956172536]]]},"id":1059979314,"properties":{"GEO":"CRS3035RES200mN2876400E3771000","GEO_OBJECT":"C200M","OBS_STATUS":"A","lcog_geo":"94004","ind":588,"men":268,"men_pauv":28,"men_1ind":98,"men_5ind":11,"men_prop":95,"men_fmp":36,"ind_snv":14327194.3,"men_surf":15567,"men_coll":259,"men_mais":9,"log_soc":0,"ind_inc":2,"log":268,"ind_0_17":127,"ind_65p":35}},{"type":"Feature","geometry":{"type":"Polygon","coordinates":[[[2.510848045349121,48.752821834470836],[2.511105537414551,48.751010956172536],[2.508401870727539,48.75084118298582],[2.5081443786621094,48.7526237728359],[2.510848045349121,48.752821834470836]]]},"id":1059980103,"properties":{"GEO":"CRS3035RES200mN2876600E3771000","GEO_OBJECT":"C200M","OBS_STATUS":"A","lcog_geo":"94004","ind":304.5,"men":171,"men_pauv":17,"men_1ind":95,"men_5ind":8,"men_prop":85,"men_fmp":22,"ind_snv":7043933.4,"men_surf":8671,"men_coll":167,"men_mais":4,"log_soc":0,"ind_inc":0,"log":171,"ind_0_17":60,"ind_65p":31}},{"type":"Feature","geometry":{"type":"Polygon","coordinates":[[[2.5081443786621094,48.7526237728359],[2.508401870727539,48.75084118298582],[2.5056982040405273,48.75064311354299],[2.5054407119750977,48.75245400509877],[2.5081443786621094,48.7526237728359]]]},"id":1059980102,"properties":{"GEO":"CRS3035RES200mN2876600E3770800","GEO_OBJECT":"C200M","OBS_STATUS":"A","lcog_geo":"94004","ind":458.5,"men":199,"men_pauv":25,"men_1ind":64,"men_5ind":10,"men_prop":123,"men_fmp":23,"ind_snv":11616046.6,"men_surf":14051,"men_coll":185,"men_mais":14,"log_soc":0,"ind_inc":0,"log":199,"ind_0_17":104.5,"ind_65p":71}},{"type":"Feature","geometry":{"type":"Polygon","coordinates":[[[2.508401870727539,48.75084118298582],[2.508702278137207,48.74905852989161],[2.5059986114501953,48.7488604534216],[2.5056982040405273,48.75064311354299],[2.508401870727539,48.75084118298582]]]},"id":1059979313,"properties":{"GEO":"CRS3035RES200mN2876400E3770800","GEO_OBJECT":"C200M","OBS_STATUS":"A","lcog_geo":"94004","ind":133.5,"men":59,"men_pauv":16,"men_1ind":30,"men_5ind":7,"men_prop":37,"men_fmp":3,"ind_snv":3360120.4,"men_surf":6782,"men_coll":18,"men_mais":41,"log_soc":0,"ind_inc":0,"log":59,"ind_0_17":19.5,"ind_65p":25}},{"type":"Feature","geometry":{"type":"Polygon","coordinates":[[[2.5056982040405273,48.75064311354299],[2.5059986114501953,48.7488604534216],[2.5032520294189453,48.748690672968706],[2.5029945373535156,48.7504733391134],[2.5056982040405273,48.75064311354299]]]},"id":1059979312,"properties":{"GEO":"CRS3035RES200mN2876400E3770600","GEO_OBJECT":"C200M","OBS_STATUS":"A","lcog_geo":"94004","ind":227,"men":123,"men_pauv":25,"men_1ind":67,"men_5ind":4,"men_prop":52,"men_fmp":14,"ind_snv":5067378.9,"men_surf":5382,"men_coll":105,"men_mais":18,"log_soc":0,"ind_inc":0,"log":123,"ind_0_17":41,"ind_65p":15}},{"type":"Feature","geometry":{"type":"Polygon","coordinates":[[[2.5105905532836914,48.7546043540502],[2.510848045349121,48.752821834470836],[2.5081443786621094,48.7526237728359],[2.5078868865966797,48.75440629944225],[2.5105905532836914,48.7546043540502]]]},"id":1059980830,"properties":{"GEO":"CRS3035RES200mN2876800E3771000","GEO_OBJECT":"C200M","OBS_STATUS":"A","lcog_geo":"94004","ind":456,"men":184,"men_pauv":27,"men_1ind":57,"men_5ind":15,"men_prop":23,"men_fmp":36,"ind_snv":9682241.9,"men_surf":11270,"men_coll":184,"men_mais":0,"log_soc":59,"ind_inc":0,"log":184,"ind_0_17":150.5,"ind_65p":15}},{"type":"Feature","geometry":{"type":"Polygon","coordinates":[[[2.5078868865966797,48.75440629944225],[2.5081443786621094,48.7526237728359],[2.5054407119750977,48.75245400509877],[2.505183219909668,48.75423653772833],[2.5078868865966797,48.75440629944225]]]},"id":1059980829,"properties":{"GEO":"CRS3035RES200mN2876800E3770800","GEO_OBJECT":"C200M","OBS_STATUS":"A","lcog_geo":"94004","ind":358.5,"men":182,"men_pauv":24,"men_1ind":84,"men_5ind":11,"men_prop":89,"men_fmp":32,"ind_snv":8072158.3,"men_surf":10420,"men_coll":181,"men_mais":1,"log_soc":0,"ind_inc":1,"log":182,"ind_0_17":79.5,"ind_65p":41}},{"type":"Feature","geometry":{"type":"Polygon","coordinates":[[[2.518444061279297,48.756924364170374],[2.5187015533447266,48.75514192690733],[2.515997886657715,48.75497216767914],[2.515740394592285,48.75675461096532],[2.518444061279297,48.756924364170374]]]},"id":1059981564,"properties":{"GEO":"CRS3035RES200mN2877000E3771600","GEO_OBJECT":"C200M","OBS_STATUS":"A","lcog_geo":"94004","ind":84,"men":34,"men_pauv":1,"men_1ind":9,"men_5ind":5,"men_prop":19,"men_fmp":3,"ind_snv":2803165.2,"men_surf":3339,"men_coll":25,"men_mais":9,"log_soc":0,"ind_inc":0,"log":34,"ind_0_17":23,"ind_65p":3}},{"type":"Feature","geometry":{"type":"Polygon","coordinates":[[[2.514667510986328,48.76391203991594],[2.514925003051758,48.7621298506003],[2.512221336364746,48.76193182566149],[2.511920928955078,48.76371402200385],[2.514667510986328,48.76391203991594]]]},"id":1059984646,"properties":{"GEO":"CRS3035RES200mN2877800E3771400","GEO_OBJECT":"C200M","OBS_STATUS":"A","lcog_geo":"94071","ind":113,"men":41,"men_pauv":0,"men_1ind":5,"men_5ind":4,"men_prop":40,"men_fmp":0,"ind_snv":4419836.8,"men_surf":5212,"men_coll":0,"men_mais":41,"log_soc":0,"ind_inc":0,"log":41,"ind_0_17":19,"ind_65p":46}},{"type":"Feature","geometry":{"type":"Polygon","coordinates":[[[2.509775161743164,48.75995153333179],[2.5100326538085938,48.75816920348015],[2.507328987121582,48.75799945448165],[2.5070714950561523,48.75978179035633],[2.509775161743164,48.75995153333179]]]},"id":1059983108,"properties":{"GEO":"CRS3035RES200mN2877400E3771000","GEO_OBJECT":"C200M","OBS_STATUS":"I","lcog_geo":"94004","ind":10,"men":4.1,"men_pauv":0,"men_1ind":0.7,"men_5ind":0.2,"men_prop":3.5,"men_fmp":0,"ind_snv":382514.4,"men_surf":440.4,"men_coll":0.2,"men_mais":3.9,"log_soc":0,"ind_inc":0,"log":4.1000000000000005,"ind_0_17":1,"ind_65p":3.6999999999999997}},{"type":"Feature","geometry":{"type":"Polygon","coordinates":[[[2.511920928955078,48.76371402200385],[2.512221336364746,48.76193182566149],[2.5095176696777344,48.76176208937824],[2.5092172622680664,48.76354429174353],[2.511920928955078,48.76371402200385]]]},"id":1059984645,"properties":{"GEO":"CRS3035RES200mN2877800E3771200","GEO_OBJECT":"C200M","OBS_STATUS":"A","lcog_geo":"94071","ind":91.5,"men":41,"men_pauv":2,"men_1ind":8,"men_5ind":0,"men_prop":40,"men_fmp":3,"ind_snv":3719411.8,"men_surf":4959,"men_coll":0,"men_mais":41,"log_soc":0,"ind_inc":0,"log":41,"ind_0_17":4.5,"ind_65p":41}},{"type":"Feature","geometry":{"type":"Polygon","coordinates":[[[2.527627944946289,48.76838137938145],[2.527928352355957,48.76659934866768],[2.5252246856689453,48.76642962815865],[2.5249242782592773,48.768211664895205],[2.527627944946289,48.76838137938145]]]},"id":1059986183,"properties":{"GEO":"CRS3035RES200mN2878200E3772400","GEO_OBJECT":"C200M","OBS_STATUS":"A","lcog_geo":"94071","ind":159.5,"men":56,"men_pauv":1,"men_1ind":7,"men_5ind":6,"men_prop":53,"men_fmp":6,"ind_snv":6033183.8,"men_surf":6600,"men_coll":0,"men_mais":56,"log_soc":0,"ind_inc":0,"log":56,"ind_0_17":29.5,"ind_65p":35}},{"type":"Feature","geometry":{"type":"Polygon","coordinates":[[[2.527928352355957,48.76659934866768],[2.5281858444213867,48.76481725471433],[2.525482177734375,48.76464752818245],[2.5252246856689453,48.76642962815865],[2.527928352355957,48.76659934866768]]]},"id":1059985422,"properties":{"GEO":"CRS3035RES200mN2878000E3772400","GEO_OBJECT":"C200M","OBS_STATUS":"A","lcog_geo":"94071","ind":180.5,"men":61,"men_pauv":3,"men_1ind":11,"men_5ind":9,"men_prop":52,"men_fmp":6,"ind_snv":5651628.8,"men_surf":6413,"men_coll":1,"men_mais":60,"log_soc":0,"ind_inc":0,"log":61,"ind_0_17":33,"ind_65p":39}},{"type":"Feature","geometry":{"type":"Polygon","coordinates":[[[2.5252246856689453,48.76642962815865],[2.525482177734375,48.76464752818245],[2.5227785110473633,48.76444951317026],[2.5225210189819336,48.76623162017313],[2.5252246856689453,48.76642962815865]]]},"id":1059985421,"properties":{"GEO":"CRS3035RES200mN2878000E3772200","GEO_OBJECT":"C200M","OBS_STATUS":"A","lcog_geo":"94071","ind":121,"men":45,"men_pauv":2,"men_1ind":7,"men_5ind":3,"men_prop":41,"men_fmp":3,"ind_snv":4228339.4,"men_surf":5350,"men_coll":2,"men_mais":43,"log_soc":0,"ind_inc":0,"log":45,"ind_0_17":12,"ind_65p":33}},{"type":"Feature","geometry":{"type":"Polygon","coordinates":[[[2.5273704528808594,48.77019163154429],[2.527627944946289,48.76838137938145],[2.5249242782592773,48.768211664895205],[2.5246667861938477,48.76999363839266],[2.5273704528808594,48.77019163154429]]]},"id":1059986937,"properties":{"GEO":"CRS3035RES200mN2878400E3772400","GEO_OBJECT":"C200M","OBS_STATUS":"A","lcog_geo":"94071","ind":99,"men":41,"men_pauv":3,"men_1ind":13,"men_5ind":2,"men_prop":31,"men_fmp":1,"ind_snv":3206322.5,"men_surf":3939,"men_coll":9,"men_mais":32,"log_soc":0,"ind_inc":0,"log":41,"ind_0_17":23,"ind_65p":22}},{"type":"Feature","geometry":{"type":"Polygon","coordinates":[[[2.5271129608154297,48.77197353477669],[2.5273704528808594,48.77019163154429],[2.5246667861938477,48.76999363839266],[2.524409294128418,48.77177554865153],[2.5271129608154297,48.77197353477669]]]},"id":1059987740,"properties":{"GEO":"CRS3035RES200mN2878600E3772400","GEO_OBJECT":"C200M","OBS_STATUS":"A","lcog_geo":"94071","ind":598,"men":310,"men_pauv":22,"men_1ind":143,"men_5ind":7,"men_prop":223,"men_fmp":29,"ind_snv":16050213.1,"men_surf":20309,"men_coll":306,"men_mais":4,"log_soc":0,"ind_inc":0,"log":310,"ind_0_17":87.5,"ind_65p":159}},{"type":"Feature","geometry":{"type":"Polygon","coordinates":[[[2.5249242782592773,48.768211664895205],[2.5252246856689453,48.76642962815865],[2.5225210189819336,48.76623162017313],[2.5222206115722656,48.76804194983538],[2.5249242782592773,48.768211664895205]]]},"id":1059986182,"properties":{"GEO":"CRS3035RES200mN2878200E3772200","GEO_OBJECT":"C200M","OBS_STATUS":"A","lcog_geo":"94071","ind":155,"men":50,"men_pauv":3,"men_1ind":4,"men_5ind":6,"men_prop":42,"men_fmp":7,"ind_snv":5526825.3,"men_surf":6392,"men_coll":8,"men_mais":42,"log_soc":0,"ind_inc":0,"log":50,"ind_0_17":44,"ind_65p":21}},{"type":"Feature","geometry":{"type":"Polygon","coordinates":[[[2.5217056274414062,48.77160584563714],[2.521963119506836,48.76982392935557],[2.519259452819824,48.769625934754],[2.5190019607543945,48.77143614204914],[2.5217056274414062,48.77160584563714]]]},"id":1059987738,"properties":{"GEO":"CRS3035RES200mN2878600E3772000","GEO_OBJECT":"C200M","OBS_STATUS":"A","lcog_geo":"94071","ind":386,"men":201,"men_pauv":26,"men_1ind":89,"men_5ind":4,"men_prop":87,"men_fmp":32,"ind_snv":10038384.8,"men_surf":11291,"men_coll":184,"men_mais":17,"log_soc":0,"ind_inc":0,"log":201,"ind_0_17":72,"ind_65p":49}},{"type":"Feature","geometry":{"type":"Polygon","coordinates":[[[2.5246667861938477,48.76999363839266],[2.5249242782592773,48.768211664895205],[2.5222206115722656,48.76804194983538],[2.521963119506836,48.76982392935557],[2.5246667861938477,48.76999363839266]]]},"id":1059986936,"properties":{"GEO":"CRS3035RES200mN2878400E3772200","GEO_OBJECT":"C200M","OBS_STATUS":"A","lcog_geo":"94071","ind":280.5,"men":155,"men_pauv":16,"men_1ind":75,"men_5ind":2,"men_prop":72,"men_fmp":20,"ind_snv":7937703.5,"men_surf":9439,"men_coll":134,"men_mais":21,"log_soc":0,"ind_inc":0,"log":155,"ind_0_17":42.5,"ind_65p":55}},{"type":"Feature","geometry":{"type":"Polygon","coordinates":[[[2.5225210189819336,48.76623162017313],[2.5227785110473633,48.76444951317026],[2.5200748443603516,48.76427978539556],[2.5197744369506836,48.7660618984213],[2.5225210189819336,48.76623162017313]]]},"id":1059985420,"properties":{"GEO":"CRS3035RES200mN2878000E3772000","GEO_OBJECT":"C200M","OBS_STATUS":"A","lcog_geo":"94071","ind":101.5,"men":35,"men_pauv":0,"men_1ind":4,"men_5ind":5,"men_prop":35,"men_fmp":3,"ind_snv":3473407,"men_surf":4137,"men_coll":0,"men_mais":35,"log_soc":0,"ind_inc":0,"log":35,"ind_0_17":22.5,"ind_65p":30}},{"type":"Feature","geometry":{"type":"Polygon","coordinates":[[[2.519516944885254,48.76784394820726],[2.5197744369506836,48.7660618984213],[2.517070770263672,48.76586388898585],[2.516813278198242,48.767674231904635],[2.519516944885254,48.76784394820726]]]},"id":1059986180,"properties":{"GEO":"CRS3035RES200mN2878200E3771800","GEO_OBJECT":"C200M","OBS_STATUS":"A","lcog_geo":"94071","ind":92.5,"men":32,"men_pauv":1,"men_1ind":4,"men_5ind":4,"men_prop":30,"men_fmp":4,"ind_snv":3338692.6,"men_surf":4387,"men_coll":2,"men_mais":30,"log_soc":0,"ind_inc":0,"log":32,"ind_0_17":12.5,"ind_65p":17}},{"type":"Feature","geometry":{"type":"Polygon","coordinates":[[[2.5197744369506836,48.7660618984213],[2.5200748443603516,48.76427978539556],[2.51737117767334,48.76408176893344],[2.517070770263672,48.76586388898585],[2.5197744369506836,48.7660618984213]]]},"id":1059985419,"properties":{"GEO":"CRS3035RES200mN2878000E3771800","GEO_OBJECT":"C200M","OBS_STATUS":"A","lcog_geo":"94071","ind":116.5,"men":43,"men_pauv":0,"men_1ind":12,"men_5ind":5,"men_prop":40,"men_fmp":2,"ind_snv":4045238.7,"men_surf":4498,"men_coll":0,"men_mais":43,"log_soc":0,"ind_inc":0,"log":43,"ind_0_17":34.5,"ind_65p":19}},{"type":"Feature","geometry":{"type":"Polygon","coordinates":[[[2.521963119506836,48.76982392935557],[2.5222206115722656,48.76804194983538],[2.519516944885254,48.76784394820726],[2.519259452819824,48.769625934754],[2.521963119506836,48.76982392935557]]]},"id":1059986935,"properties":{"GEO":"CRS3035RES200mN2878400E3772000","GEO_OBJECT":"C200M","OBS_STATUS":"A","lcog_geo":"94071","ind":235.5,"men":127,"men_pauv":12,"men_1ind":67,"men_5ind":4,"men_prop":48,"men_fmp":16,"ind_snv":6865838.7,"men_surf":8589,"men_coll":96,"men_mais":31,"log_soc":0,"ind_inc":0,"log":127,"ind_0_17":34.5,"ind_65p":24}},{"type":"Feature","geometry":{"type":"Polygon","coordinates":[[[2.5222206115722656,48.76804194983538],[2.5225210189819336,48.76623162017313],[2.5197744369506836,48.7660618984213],[2.519516944885254,48.76784394820726],[2.5222206115722656,48.76804194983538]]]},"id":1059986181,"properties":{"GEO":"CRS3035RES200mN2878200E3772000","GEO_OBJECT":"C200M","OBS_STATUS":"A","lcog_geo":"94071","ind":104,"men":39,"men_pauv":0,"men_1ind":10,"men_5ind":4,"men_prop":35,"men_fmp":2,"ind_snv":3942464.9,"men_surf":5011,"men_coll":3,"men_mais":36,"log_soc":0,"ind_inc":0,"log":39,"ind_0_17":23,"ind_65p":21}},{"type":"Feature","geometry":{"type":"Polygon","coordinates":[[[2.5190019607543945,48.77143614204914],[2.519259452819824,48.769625934754],[2.5165557861328125,48.76945622447414],[2.5162553787231445,48.77123815380489],[2.5190019607543945,48.77143614204914]]]},"id":1059987737,"properties":{"GEO":"CRS3035RES200mN2878600E3771800","GEO_OBJECT":"C200M","OBS_STATUS":"A","lcog_geo":"94071","ind":53,"men":19,"men_pauv":3,"men_1ind":4,"men_5ind":1,"men_prop":10,"men_fmp":1,"ind_snv":1683230.3,"men_surf":1627,"men_coll":9,"men_mais":10,"log_soc":0,"ind_inc":0,"log":19,"ind_0_17":17.5,"ind_65p":1}},{"type":"Feature","geometry":{"type":"Polygon","coordinates":[[[2.519259452819824,48.769625934754],[2.519516944885254,48.76784394820726],[2.516813278198242,48.767674231904635],[2.5165557861328125,48.76945622447414],[2.519259452819824,48.769625934754]]]},"id":1059986934,"properties":{"GEO":"CRS3035RES200mN2878400E3771800","GEO_OBJECT":"C200M","OBS_STATUS":"A","lcog_geo":"94071","ind":128,"men":54,"men_pauv":5,"men_1ind":18,"men_5ind":3,"men_prop":42,"men_fmp":7,"ind_snv":4652784,"men_surf":5270,"men_coll":13,"men_mais":41,"log_soc":0,"ind_inc":0,"log":54,"ind_0_17":25,"ind_65p":30}},{"type":"Feature","geometry":{"type":"Polygon","coordinates":[[[2.526555061340332,48.775537151527885],[2.52685546875,48.773755374771014],[2.5241518020629883,48.773585678448484],[2.5238513946533203,48.775367461227916],[2.526555061340332,48.775537151527885]]]},"id":1059989325,"properties":{"GEO":"CRS3035RES200mN2879000E3772400","GEO_OBJECT":"C200M","OBS_STATUS":"A","lcog_geo":"94071","ind":330.5,"men":104,"men_pauv":30,"men_1ind":20,"men_5ind":22,"men_prop":0,"men_fmp":28,"ind_snv":5254354.4,"men_surf":6754,"men_coll":104,"men_mais":0,"log_soc":104,"ind_inc":7,"log":104,"ind_0_17":120.5,"ind_65p":25}},{"type":"Feature","geometry":{"type":"Polygon","coordinates":[[[2.5241518020629883,48.773585678448484],[2.524409294128418,48.77177554865153],[2.5217056274414062,48.77160584563714],[2.5214052200317383,48.77338769868055],[2.5241518020629883,48.773585678448484]]]},"id":1059988519,"properties":{"GEO":"CRS3035RES200mN2878800E3772200","GEO_OBJECT":"C200M","OBS_STATUS":"A","lcog_geo":"94071","ind":434.5,"men":194,"men_pauv":20,"men_1ind":80,"men_5ind":12,"men_prop":37,"men_fmp":25,"ind_snv":10396076,"men_surf":10934,"men_coll":194,"men_mais":0,"log_soc":58,"ind_inc":0,"log":194,"ind_0_17":134,"ind_65p":32}},{"type":"Feature","geometry":{"type":"Polygon","coordinates":[[[2.524409294128418,48.77177554865153],[2.5246667861938477,48.76999363839266],[2.521963119506836,48.76982392935557],[2.5217056274414062,48.77160584563714],[2.524409294128418,48.77177554865153]]]},"id":1059987739,"properties":{"GEO":"CRS3035RES200mN2878600E3772200","GEO_OBJECT":"C200M","OBS_STATUS":"A","lcog_geo":"94071","ind":128,"men":82,"men_pauv":7,"men_1ind":44,"men_5ind":0,"men_prop":37,"men_fmp":5,"ind_snv":3613514.6,"men_surf":4827,"men_coll":80,"men_mais":2,"log_soc":0,"ind_inc":0,"log":82,"ind_0_17":8,"ind_65p":56}},{"type":"Feature","geometry":{"type":"Polygon","coordinates":[[[2.5238513946533203,48.775367461227916],[2.5241518020629883,48.773585678448484],[2.5214052200317383,48.77338769868055],[2.5211477279663086,48.77516948848637],[2.5238513946533203,48.775367461227916]]]},"id":1059989324,"properties":{"GEO":"CRS3035RES200mN2879000E3772200","GEO_OBJECT":"C200M","OBS_STATUS":"A","lcog_geo":"94071","ind":674,"men":217,"men_pauv":55,"men_1ind":48,"men_5ind":46,"men_prop":0,"men_fmp":55,"ind_snv":11362777.2,"men_surf":13661,"men_coll":217,"men_mais":0,"log_soc":217,"ind_inc":8,"log":217,"ind_0_17":238.5,"ind_65p":53}},{"type":"Feature","geometry":{"type":"Polygon","coordinates":[[[2.5262975692749023,48.77734714570491],[2.526555061340332,48.775537151527885],[2.5238513946533203,48.775367461227916],[2.5235939025878906,48.77714918077038],[2.5262975692749023,48.77734714570491]]]},"id":1059990143,"properties":{"GEO":"CRS3035RES200mN2879200E3772400","GEO_OBJECT":"C200M","OBS_STATUS":"A","lcog_geo":"9407194055","ind":430,"men":164,"men_pauv":29,"men_1ind":59,"men_5ind":25,"men_prop":1,"men_fmp":33,"ind_snv":7597782,"men_surf":9745,"men_coll":164,"men_mais":0,"log_soc":163,"ind_inc":0,"log":164,"ind_0_17":124,"ind_65p":66}},{"type":"Feature","geometry":{"type":"Polygon","coordinates":[[[2.5235939025878906,48.77714918077038],[2.5238513946533203,48.775367461227916],[2.5211477279663086,48.77516948848637],[2.520890235900879,48.77697949591936],[2.5235939025878906,48.77714918077038]]]},"id":1059990142,"properties":{"GEO":"CRS3035RES200mN2879200E3772200","GEO_OBJECT":"C200M","OBS_STATUS":"A","lcog_geo":"9407194055","ind":865.5,"men":293,"men_pauv":57,"men_1ind":68,"men_5ind":47,"men_prop":77,"men_fmp":66,"ind_snv":16401928,"men_surf":21284,"men_coll":238,"men_mais":55,"log_soc":191,"ind_inc":2,"log":293,"ind_0_17":279,"ind_65p":103}},{"type":"Feature","geometry":{"type":"Polygon","coordinates":[[[2.5260400772094727,48.77912879498459],[2.5262975692749023,48.77734714570491],[2.5235939025878906,48.77714918077038],[2.523336410522461,48.778930837076274],[2.5260400772094727,48.77912879498459]]]},"id":1059990984,"properties":{"GEO":"CRS3035RES200mN2879400E3772400","GEO_OBJECT":"C200M","OBS_STATUS":"I","lcog_geo":"94055","ind":51,"men":16.5,"men_pauv":3,"men_1ind":4.5,"men_5ind":3,"men_prop":4.5,"men_fmp":3.8,"ind_snv":1192915.4,"men_surf":1455,"men_coll":0,"men_mais":16.5,"log_soc":12,"ind_inc":0,"log":16.5,"ind_0_17":17.1,"ind_65p":5.3}},{"type":"Feature","geometry":{"type":"Polygon","coordinates":[[[2.5214052200317383,48.77338769868055],[2.5217056274414062,48.77160584563714],[2.5190019607543945,48.77143614204914],[2.5187015533447266,48.773218001115225],[2.5214052200317383,48.77338769868055]]]},"id":1059988518,"properties":{"GEO":"CRS3035RES200mN2878800E3772000","GEO_OBJECT":"C200M","OBS_STATUS":"A","lcog_geo":"94071","ind":427,"men":154,"men_pauv":33,"men_1ind":31,"men_5ind":25,"men_prop":28,"men_fmp":42,"ind_snv":7912345.1,"men_surf":9608,"men_coll":154,"men_mais":0,"log_soc":115,"ind_inc":0,"log":154,"ind_0_17":141,"ind_65p":53}},{"type":"Feature","geometry":{"type":"Polygon","coordinates":[[[2.518444061279297,48.77499979694366],[2.5187015533447266,48.773218001115225],[2.515997886657715,48.77302001989739],[2.515740394592285,48.77483010482737],[2.518444061279297,48.77499979694366]]]},"id":1059989322,"properties":{"GEO":"CRS3035RES200mN2879000E3771800","GEO_OBJECT":"C200M","OBS_STATUS":"A","lcog_geo":"94071","ind":197,"men":75,"men_pauv":3,"men_1ind":21,"men_5ind":6,"men_prop":66,"men_fmp":6,"ind_snv":5864720.6,"men_surf":6472,"men_coll":38,"men_mais":37,"log_soc":0,"ind_inc":0,"log":75,"ind_0_17":51,"ind_65p":37}},{"type":"Feature","geometry":{"type":"Polygon","coordinates":[[[2.5187015533447266,48.773218001115225],[2.5190019607543945,48.77143614204914],[2.5162553787231445,48.77123815380489],[2.515997886657715,48.77302001989739],[2.5187015533447266,48.773218001115225]]]},"id":1059988517,"properties":{"GEO":"CRS3035RES200mN2878800E3771800","GEO_OBJECT":"C200M","OBS_STATUS":"A","lcog_geo":"94071","ind":242,"men":102,"men_pauv":8,"men_1ind":32,"men_5ind":6,"men_prop":78,"men_fmp":15,"ind_snv":7060567.9,"men_surf":8647,"men_coll":84,"men_mais":18,"log_soc":0,"ind_inc":1,"log":102,"ind_0_17":58,"ind_65p":47}},{"type":"Feature","geometry":{"type":"Polygon","coordinates":[[[2.520632743835449,48.77876115824779],[2.520890235900879,48.77697949591936],[2.518186569213867,48.77678152953496],[2.517886161804199,48.77856319888963],[2.520632743835449,48.77876115824779]]]},"id":1059990982,"properties":{"GEO":"CRS3035RES200mN2879400E3772000","GEO_OBJECT":"C200M","OBS_STATUS":"A","lcog_geo":"9407194055","ind":148.5,"men":53,"men_pauv":4,"men_1ind":9,"men_5ind":4,"men_prop":48,"men_fmp":4,"ind_snv":5067744.8,"men_surf":5417,"men_coll":1,"men_mais":52,"log_soc":0,"ind_inc":0,"log":53,"ind_0_17":32.5,"ind_65p":20}},{"type":"Feature","geometry":{"type":"Polygon","coordinates":[[[2.520890235900879,48.77697949591936],[2.5211477279663086,48.77516948848637],[2.518444061279297,48.77499979694366],[2.518186569213867,48.77678152953496],[2.520890235900879,48.77697949591936]]]},"id":1059990141,"properties":{"GEO":"CRS3035RES200mN2879200E3772000","GEO_OBJECT":"C200M","OBS_STATUS":"A","lcog_geo":"9407194055","ind":90,"men":30,"men_pauv":1,"men_1ind":6,"men_5ind":6,"men_prop":23,"men_fmp":1,"ind_snv":2625802.8,"men_surf":3426,"men_coll":2,"men_mais":28,"log_soc":5,"ind_inc":0,"log":30,"ind_0_17":18,"ind_65p":14}},{"type":"Feature","geometry":{"type":"Polygon","coordinates":[[[2.5211477279663086,48.77516948848637],[2.5214052200317383,48.77338769868055],[2.5187015533447266,48.773218001115225],[2.518444061279297,48.77499979694366],[2.5211477279663086,48.77516948848637]]]},"id":1059989323,"properties":{"GEO":"CRS3035RES200mN2879000E3772000","GEO_OBJECT":"C200M","OBS_STATUS":"A","lcog_geo":"94071","ind":505,"men":153,"men_pauv":35,"men_1ind":37,"men_5ind":38,"men_prop":4,"men_fmp":30,"ind_snv":8456211.3,"men_surf":9838,"men_coll":149,"men_mais":4,"log_soc":149,"ind_inc":3,"log":153,"ind_0_17":179.5,"ind_65p":39}},{"type":"Feature","geometry":{"type":"Polygon","coordinates":[[[2.517070770263672,48.76586388898585],[2.51737117767334,48.76408176893344],[2.514667510986328,48.76391203991594],[2.51436710357666,48.76569416599119],[2.517070770263672,48.76586388898585]]]},"id":1059985418,"properties":{"GEO":"CRS3035RES200mN2878000E3771600","GEO_OBJECT":"C200M","OBS_STATUS":"A","lcog_geo":"94071","ind":165,"men":60,"men_pauv":2,"men_1ind":11,"men_5ind":5,"men_prop":53,"men_fmp":4,"ind_snv":5698331.7,"men_surf":6834,"men_coll":0,"men_mais":60,"log_soc":0,"ind_inc":1,"log":60,"ind_0_17":25,"ind_65p":38}},{"type":"Feature","geometry":{"type":"Polygon","coordinates":[[[2.51737117767334,48.76408176893344],[2.5176286697387695,48.76229958564076],[2.514925003051758,48.7621298506003],[2.514667510986328,48.76391203991594],[2.51737117767334,48.76408176893344]]]},"id":1059984647,"properties":{"GEO":"CRS3035RES200mN2877800E3771600","GEO_OBJECT":"C200M","OBS_STATUS":"A","lcog_geo":"94071","ind":57,"men":20,"men_pauv":0,"men_1ind":2,"men_5ind":1,"men_prop":19,"men_fmp":1,"ind_snv":2399165.3,"men_surf":3161,"men_coll":0,"men_mais":20,"log_soc":0,"ind_inc":0,"log":20,"ind_0_17":13,"ind_65p":18}},{"type":"Feature","geometry":{"type":"Polygon","coordinates":[[[2.516813278198242,48.767674231904635],[2.517070770263672,48.76586388898585],[2.51436710357666,48.76569416599119],[2.5141096115112305,48.76747622882658],[2.516813278198242,48.767674231904635]]]},"id":1059986179,"properties":{"GEO":"CRS3035RES200mN2878200E3771600","GEO_OBJECT":"C200M","OBS_STATUS":"A","lcog_geo":"94071","ind":171.5,"men":72,"men_pauv":1,"men_1ind":20,"men_5ind":3,"men_prop":65,"men_fmp":12,"ind_snv":5499434.7,"men_surf":6345,"men_coll":0,"men_mais":72,"log_soc":0,"ind_inc":0,"log":72,"ind_0_17":30.5,"ind_65p":24}},{"type":"Feature","geometry":{"type":"Polygon","coordinates":[[[2.51436710357666,48.76569416599119],[2.514667510986328,48.76391203991594],[2.511920928955078,48.76371402200385],[2.5116634368896484,48.76552444242293],[2.51436710357666,48.76569416599119]]]},"id":1059985417,"properties":{"GEO":"CRS3035RES200mN2878000E3771400","GEO_OBJECT":"C200M","OBS_STATUS":"A","lcog_geo":"94071","ind":132,"men":50,"men_pauv":0,"men_1ind":10,"men_5ind":3,"men_prop":45,"men_fmp":3,"ind_snv":4922147.2,"men_surf":5725,"men_coll":7,"men_mais":43,"log_soc":0,"ind_inc":1,"log":50,"ind_0_17":25,"ind_65p":29}},{"type":"Feature","geometry":{"type":"Polygon","coordinates":[[[2.5165557861328125,48.76945622447414],[2.516813278198242,48.767674231904635],[2.5141096115112305,48.76747622882658],[2.513852119445801,48.76925822842267],[2.5165557861328125,48.76945622447414]]]},"id":1059986933,"properties":{"GEO":"CRS3035RES200mN2878400E3771600","GEO_OBJECT":"C200M","OBS_STATUS":"I","lcog_geo":"94071","ind":42.5,"men":13.7,"men_pauv":0,"men_1ind":1.7,"men_5ind":3.4,"men_prop":13.7,"men_fmp":1.7,"ind_snv":1420438.9,"men_surf":1496.5,"men_coll":0,"men_mais":13.7,"log_soc":0,"ind_inc":0,"log":13.700000000000001,"ind_0_17":10.7,"ind_65p":1.7}},{"type":"Feature","geometry":{"type":"Polygon","coordinates":[[[2.513551712036133,48.77106844897415],[2.513852119445801,48.76925822842267],[2.511148452758789,48.76908851690001],[2.510848045349121,48.77087045927999],[2.513551712036133,48.77106844897415]]]},"id":1059987735,"properties":{"GEO":"CRS3035RES200mN2878600E3771400","GEO_OBJECT":"C200M","OBS_STATUS":"A","lcog_geo":"94071","ind":179.5,"men":58,"men_pauv":6,"men_1ind":11,"men_5ind":10,"men_prop":42,"men_fmp":2,"ind_snv":6431533.4,"men_surf":6381,"men_coll":11,"men_mais":47,"log_soc":0,"ind_inc":0,"log":58,"ind_0_17":43.5,"ind_65p":31}},{"type":"Feature","geometry":{"type":"Polygon","coordinates":[[[2.5141096115112305,48.76747622882658],[2.51436710357666,48.76569416599119],[2.5116634368896484,48.76552444242293],[2.5114059448242188,48.76730651128116],[2.5141096115112305,48.76747622882658]]]},"id":1059986178,"properties":{"GEO":"CRS3035RES200mN2878200E3771400","GEO_OBJECT":"C200M","OBS_STATUS":"A","lcog_geo":"94071","ind":126.5,"men":45,"men_pauv":3,"men_1ind":10,"men_5ind":6,"men_prop":42,"men_fmp":1,"ind_snv":4333027.9,"men_surf":5259,"men_coll":4,"men_mais":41,"log_soc":0,"ind_inc":0,"log":45,"ind_0_17":26,"ind_65p":25}},{"type":"Feature","geometry":{"type":"Polygon","coordinates":[[[2.513852119445801,48.76925822842267],[2.5141096115112305,48.76747622882658],[2.5114059448242188,48.76730651128116],[2.511148452758789,48.76908851690001],[2.513852119445801,48.76925822842267]]]},"id":1059986932,"properties":{"GEO":"CRS3035RES200mN2878400E3771400","GEO_OBJECT":"C200M","OBS_STATUS":"A","lcog_geo":"94071","ind":68,"men":24,"men_pauv":0,"men_1ind":3,"men_5ind":2,"men_prop":23,"men_fmp":2,"ind_snv":3132273.8,"men_surf":3531,"men_coll":0,"men_mais":24,"log_soc":0,"ind_inc":0,"log":24,"ind_0_17":12,"ind_65p":13}},{"type":"Feature","geometry":{"type":"Polygon","coordinates":[[[2.511148452758789,48.76908851690001],[2.5114059448242188,48.76730651128116],[2.508702278137207,48.767108506753175],[2.508401870727539,48.76891880480372],[2.511148452758789,48.76908851690001]]]},"id":1059986931,"properties":{"GEO":"CRS3035RES200mN2878400E3771200","GEO_OBJECT":"C200M","OBS_STATUS":"A","lcog_geo":"94071","ind":179,"men":60,"men_pauv":1,"men_1ind":9,"men_5ind":7,"men_prop":56,"men_fmp":0,"ind_snv":6668049.1,"men_surf":6794,"men_coll":0,"men_mais":60,"log_soc":0,"ind_inc":0,"log":60,"ind_0_17":39,"ind_65p":27}},{"type":"Feature","geometry":{"type":"Polygon","coordinates":[[[2.5116634368896484,48.76552444242293],[2.511920928955078,48.76371402200385],[2.5092172622680664,48.76354429174353],[2.5089597702026367,48.76532643086833],[2.5116634368896484,48.76552444242293]]]},"id":1059985416,"properties":{"GEO":"CRS3035RES200mN2878000E3771200","GEO_OBJECT":"C200M","OBS_STATUS":"A","lcog_geo":"94071","ind":194.5,"men":69,"men_pauv":2,"men_1ind":10,"men_5ind":9,"men_prop":64,"men_fmp":4,"ind_snv":6615331.3,"men_surf":7266,"men_coll":1,"men_mais":68,"log_soc":0,"ind_inc":0,"log":69,"ind_0_17":34.5,"ind_65p":48}},{"type":"Feature","geometry":{"type":"Polygon","coordinates":[[[2.5089597702026367,48.76532643086833],[2.5092172622680664,48.76354429174353],[2.5065135955810547,48.76334627238148],[2.506256103515625,48.76515670605727],[2.5089597702026367,48.76532643086833]]]},"id":1059985415,"properties":{"GEO":"CRS3035RES200mN2878000E3771000","GEO_OBJECT":"C200M","OBS_STATUS":"A","lcog_geo":"94071","ind":57,"men":27,"men_pauv":1,"men_1ind":10,"men_5ind":0,"men_prop":17,"men_fmp":4,"ind_snv":1998360.6,"men_surf":2131,"men_coll":10,"men_mais":17,"log_soc":0,"ind_inc":0,"log":27,"ind_0_17":7,"ind_65p":11}},{"type":"Feature","geometry":{"type":"Polygon","coordinates":[[[2.5092172622680664,48.76354429174353],[2.5095176696777344,48.76176208937824],[2.5068140029907227,48.761564062989436],[2.5065135955810547,48.76334627238148],[2.5092172622680664,48.76354429174353]]]},"id":1059984644,"properties":{"GEO":"CRS3035RES200mN2877800E3771000","GEO_OBJECT":"C200M","OBS_STATUS":"I","lcog_geo":"9407194004","ind":36,"men":14.9,"men_pauv":0,"men_1ind":2.3,"men_5ind":0.8,"men_prop":12.5,"men_fmp":0,"ind_snv":1377051.9,"men_surf":1585.6,"men_coll":0.8,"men_mais":14.1,"log_soc":0,"ind_inc":0,"log":14.900000000000002,"ind_0_17":4,"ind_65p":13.299999999999999}},{"type":"Feature","geometry":{"type":"Polygon","coordinates":[[[2.5114059448242188,48.76730651128116],[2.5116634368896484,48.76552444242293],[2.5089597702026367,48.76532643086833],[2.508702278137207,48.767108506753175],[2.5114059448242188,48.76730651128116]]]},"id":1059986177,"properties":{"GEO":"CRS3035RES200mN2878200E3771200","GEO_OBJECT":"C200M","OBS_STATUS":"A","lcog_geo":"94071","ind":149,"men":53,"men_pauv":1,"men_1ind":13,"men_5ind":4,"men_prop":45,"men_fmp":5,"ind_snv":5632042.1,"men_surf":5300,"men_coll":1,"men_mais":52,"log_soc":0,"ind_inc":0,"log":53,"ind_0_17":29,"ind_65p":29}},{"type":"Feature","geometry":{"type":"Polygon","coordinates":[[[2.508702278137207,48.767108506753175],[2.5089597702026367,48.76532643086833],[2.506256103515625,48.76515670605727],[2.5059986114501953,48.76693878796493],[2.508702278137207,48.767108506753175]]]},"id":1059986176,"properties":{"GEO":"CRS3035RES200mN2878200E3771000","GEO_OBJECT":"C200M","OBS_STATUS":"A","lcog_geo":"94071","ind":79,"men":30,"men_pauv":3,"men_1ind":10,"men_5ind":4,"men_prop":23,"men_fmp":2,"ind_snv":2603237.5,"men_surf":2291,"men_coll":12,"men_mais":18,"log_soc":0,"ind_inc":0,"log":30,"ind_0_17":14,"ind_65p":12}},{"type":"Feature","geometry":{"type":"Polygon","coordinates":[[[2.508401870727539,48.76891880480372],[2.508702278137207,48.767108506753175],[2.5059986114501953,48.76693878796493],[2.5056982040405273,48.76872080663313],[2.508401870727539,48.76891880480372]]]},"id":1059986930,"properties":{"GEO":"CRS3035RES200mN2878400E3771000","GEO_OBJECT":"C200M","OBS_STATUS":"A","lcog_geo":"94071","ind":41,"men":19,"men_pauv":3,"men_1ind":6,"men_5ind":2,"men_prop":10,"men_fmp":4,"ind_snv":919515,"men_surf":1333,"men_coll":8,"men_mais":11,"log_soc":0,"ind_inc":0,"log":19,"ind_0_17":5,"ind_65p":9}},{"type":"Feature","geometry":{"type":"Polygon","coordinates":[[[2.5081443786621094,48.770700753206455],[2.508401870727539,48.76891880480372],[2.5056982040405273,48.76872080663313],[2.5054407119750977,48.770502762062364],[2.5081443786621094,48.770700753206455]]]},"id":1059987733,"properties":{"GEO":"CRS3035RES200mN2878600E3771000","GEO_OBJECT":"C200M","OBS_STATUS":"A","lcog_geo":"94071","ind":46.5,"men":23,"men_pauv":4,"men_1ind":12,"men_5ind":2,"men_prop":9,"men_fmp":3,"ind_snv":917031.8,"men_surf":1064,"men_coll":15,"men_mais":8,"log_soc":0,"ind_inc":0,"log":23,"ind_0_17":9.5,"ind_65p":10}},{"type":"Feature","geometry":{"type":"Polygon","coordinates":[[[2.5162553787231445,48.77123815380489],[2.5165557861328125,48.76945622447414],[2.513852119445801,48.76925822842267],[2.513551712036133,48.77106844897415],[2.5162553787231445,48.77123815380489]]]},"id":1059987736,"properties":{"GEO":"CRS3035RES200mN2878600E3771600","GEO_OBJECT":"C200M","OBS_STATUS":"A","lcog_geo":"94071","ind":96,"men":40,"men_pauv":2,"men_1ind":14,"men_5ind":3,"men_prop":22,"men_fmp":3,"ind_snv":3161449.3,"men_surf":3465,"men_coll":17,"men_mais":23,"log_soc":0,"ind_inc":0,"log":40,"ind_0_17":19,"ind_65p":12}},{"type":"Feature","geometry":{"type":"Polygon","coordinates":[[[2.515740394592285,48.77483010482737],[2.515997886657715,48.77302001989739],[2.513294219970703,48.77285032108932],[2.5130367279052734,48.77463212996676],[2.515740394592285,48.77483010482737]]]},"id":1059989321,"properties":{"GEO":"CRS3035RES200mN2879000E3771600","GEO_OBJECT":"C200M","OBS_STATUS":"A","lcog_geo":"94071","ind":139.5,"men":54,"men_pauv":0,"men_1ind":13,"men_5ind":5,"men_prop":54,"men_fmp":3,"ind_snv":4817870.2,"men_surf":5681,"men_coll":3,"men_mais":51,"log_soc":0,"ind_inc":1,"log":54,"ind_0_17":30.5,"ind_65p":32}},{"type":"Feature","geometry":{"type":"Polygon","coordinates":[[[2.5130367279052734,48.77463212996676],[2.513294219970703,48.77285032108932],[2.5105905532836914,48.772652338421636],[2.5103330612182617,48.774462436607735],[2.5130367279052734,48.77463212996676]]]},"id":1059989320,"properties":{"GEO":"CRS3035RES200mN2879000E3771400","GEO_OBJECT":"C200M","OBS_STATUS":"A","lcog_geo":"94071","ind":213,"men":89,"men_pauv":6,"men_1ind":30,"men_5ind":8,"men_prop":63,"men_fmp":9,"ind_snv":7057361.2,"men_surf":7353,"men_coll":26,"men_mais":63,"log_soc":0,"ind_inc":1,"log":89,"ind_0_17":48,"ind_65p":40}},{"type":"Feature","geometry":{"type":"Polygon","coordinates":[[[2.515997886657715,48.77302001989739],[2.5162553787231445,48.77123815380489],[2.513551712036133,48.77106844897415],[2.513294219970703,48.77285032108932],[2.515997886657715,48.77302001989739]]]},"id":1059988516,"properties":{"GEO":"CRS3035RES200mN2878800E3771600","GEO_OBJECT":"C200M","OBS_STATUS":"A","lcog_geo":"94071","ind":88,"men":30,"men_pauv":0,"men_1ind":3,"men_5ind":4,"men_prop":29,"men_fmp":2,"ind_snv":3713322.7,"men_surf":3559,"men_coll":2,"men_mais":28,"log_soc":0,"ind_inc":1,"log":30,"ind_0_17":12,"ind_65p":16}},{"type":"Feature","geometry":{"type":"Polygon","coordinates":[[[2.513294219970703,48.77285032108932],[2.513551712036133,48.77106844897415],[2.510848045349121,48.77087045927999],[2.5105905532836914,48.772652338421636],[2.513294219970703,48.77285032108932]]]},"id":1059988515,"properties":{"GEO":"CRS3035RES200mN2878800E3771400","GEO_OBJECT":"C200M","OBS_STATUS":"A","lcog_geo":"94071","ind":177,"men":78,"men_pauv":4,"men_1ind":29,"men_5ind":5,"men_prop":55,"men_fmp":4,"ind_snv":5863267.3,"men_surf":7186,"men_coll":35,"men_mais":43,"log_soc":0,"ind_inc":0,"log":78,"ind_0_17":25.5,"ind_65p":48}},{"type":"Feature","geometry":{"type":"Polygon","coordinates":[[[2.510848045349121,48.77087045927999],[2.511148452758789,48.76908851690001],[2.508401870727539,48.76891880480372],[2.5081443786621094,48.770700753206455],[2.510848045349121,48.77087045927999]]]},"id":1059987734,"properties":{"GEO":"CRS3035RES200mN2878600E3771200","GEO_OBJECT":"C200M","OBS_STATUS":"A","lcog_geo":"94071","ind":247,"men":105,"men_pauv":12,"men_1ind":34,"men_5ind":5,"men_prop":71,"men_fmp":12,"ind_snv":7663251.6,"men_surf":8454,"men_coll":46,"men_mais":59,"log_soc":0,"ind_inc":0,"log":105,"ind_0_17":52,"ind_65p":50}},{"type":"Feature","geometry":{"type":"Polygon","coordinates":[[[2.5154829025268555,48.77661184344126],[2.515740394592285,48.77483010482737],[2.5130367279052734,48.77463212996676],[2.5127363204956055,48.77641387560695],[2.5154829025268555,48.77661184344126]]]},"id":1059990139,"properties":{"GEO":"CRS3035RES200mN2879200E3771600","GEO_OBJECT":"C200M","OBS_STATUS":"A","lcog_geo":"94071","ind":172,"men":65,"men_pauv":6,"men_1ind":16,"men_5ind":6,"men_prop":45,"men_fmp":8,"ind_snv":5213613.7,"men_surf":5430,"men_coll":24,"men_mais":41,"log_soc":0,"ind_inc":0,"log":65,"ind_0_17":40,"ind_65p":18}},{"type":"Feature","geometry":{"type":"Polygon","coordinates":[[[2.517886161804199,48.77856319888963],[2.518186569213867,48.77678152953496],[2.5154829025268555,48.77661184344126],[2.5151824951171875,48.778393518818405],[2.517886161804199,48.77856319888963]]]},"id":1059990981,"properties":{"GEO":"CRS3035RES200mN2879400E3771800","GEO_OBJECT":"C200M","OBS_STATUS":"A","lcog_geo":"94071","ind":125,"men":48,"men_pauv":1,"men_1ind":10,"men_5ind":4,"men_prop":47,"men_fmp":5,"ind_snv":4505296,"men_surf":5236,"men_coll":0,"men_mais":48,"log_soc":0,"ind_inc":0,"log":48,"ind_0_17":20,"ind_65p":35}},{"type":"Feature","geometry":{"type":"Polygon","coordinates":[[[2.518186569213867,48.77678152953496],[2.518444061279297,48.77499979694366],[2.515740394592285,48.77483010482737],[2.5154829025268555,48.77661184344126],[2.518186569213867,48.77678152953496]]]},"id":1059990140,"properties":{"GEO":"CRS3035RES200mN2879200E3771800","GEO_OBJECT":"C200M","OBS_STATUS":"A","lcog_geo":"94071","ind":159,"men":58,"men_pauv":4,"men_1ind":8,"men_5ind":6,"men_prop":54,"men_fmp":5,"ind_snv":5178429,"men_surf":5959,"men_coll":2,"men_mais":56,"log_soc":0,"ind_inc":0,"log":58,"ind_0_17":37.5,"ind_65p":39}},{"type":"Feature","geometry":{"type":"Polygon","coordinates":[[[2.5151824951171875,48.778393518818405],[2.5154829025268555,48.77661184344126],[2.5127363204956055,48.77641387560695],[2.512478828430176,48.77822383817366],[2.5151824951171875,48.778393518818405]]]},"id":1059990980,"properties":{"GEO":"CRS3035RES200mN2879400E3771600","GEO_OBJECT":"C200M","OBS_STATUS":"A","lcog_geo":"94071","ind":195.5,"men":64,"men_pauv":7,"men_1ind":11,"men_5ind":11,"men_prop":52,"men_fmp":2,"ind_snv":5992590.9,"men_surf":6601,"men_coll":4,"men_mais":60,"log_soc":0,"ind_inc":0,"log":64,"ind_0_17":46.5,"ind_65p":33}},{"type":"Feature","geometry":{"type":"Polygon","coordinates":[[[2.5078868865966797,48.772482638370775],[2.5081443786621094,48.770700753206455],[2.5054407119750977,48.770502762062364],[2.505183219909668,48.772312937746335],[2.5078868865966797,48.772482638370775]]]},"id":1059988513,"properties":{"GEO":"CRS3035RES200mN2878800E3771000","GEO_OBJECT":"C200M","OBS_STATUS":"I","lcog_geo":"94071","ind":7,"men":2.3,"men_pauv":0,"men_1ind":0.3,"men_5ind":0.6,"men_prop":2.3,"men_fmp":0.3,"ind_snv":233954.6,"men_surf":246.5,"men_coll":0,"men_mais":2.3,"log_soc":0,"ind_inc":0,"log":2.3000000000000003,"ind_0_17":1.8,"ind_65p":0.3}},{"type":"Feature","geometry":{"type":"Polygon","coordinates":[[[2.5103330612182617,48.774462436607735],[2.5105905532836914,48.772652338421636],[2.5078868865966797,48.772482638370775],[2.50762939453125,48.77426446029722],[2.5103330612182617,48.774462436607735]]]},"id":1059989319,"properties":{"GEO":"CRS3035RES200mN2879000E3771200","GEO_OBJECT":"C200M","OBS_STATUS":"A","lcog_geo":"94071","ind":192,"men":82,"men_pauv":8,"men_1ind":24,"men_5ind":4,"men_prop":57,"men_fmp":10,"ind_snv":5942632.3,"men_surf":6936,"men_coll":24,"men_mais":58,"log_soc":0,"ind_inc":1,"log":82,"ind_0_17":38,"ind_65p":39}},{"type":"Feature","geometry":{"type":"Polygon","coordinates":[[[2.5105905532836914,48.772652338421636],[2.510848045349121,48.77087045927999],[2.5081443786621094,48.770700753206455],[2.5078868865966797,48.772482638370775],[2.5105905532836914,48.772652338421636]]]},"id":1059988514,"properties":{"GEO":"CRS3035RES200mN2878800E3771200","GEO_OBJECT":"C200M","OBS_STATUS":"A","lcog_geo":"94071","ind":562,"men":281,"men_pauv":35,"men_1ind":127,"men_5ind":13,"men_prop":120,"men_fmp":44,"ind_snv":14253617.3,"men_surf":16548,"men_coll":262,"men_mais":19,"log_soc":11,"ind_inc":1,"log":281,"ind_0_17":122,"ind_65p":86}},{"type":"Feature","geometry":{"type":"Polygon","coordinates":[[[2.5127363204956055,48.77641387560695],[2.5130367279052734,48.77463212996676],[2.5103330612182617,48.774462436607735],[2.5100326538085938,48.77624418827048],[2.5127363204956055,48.77641387560695]]]},"id":1059990138,"properties":{"GEO":"CRS3035RES200mN2879200E3771400","GEO_OBJECT":"C200M","OBS_STATUS":"A","lcog_geo":"94071","ind":225.5,"men":74,"men_pauv":8,"men_1ind":11,"men_5ind":8,"men_prop":65,"men_fmp":3,"ind_snv":6488149.4,"men_surf":6604,"men_coll":12,"men_mais":62,"log_soc":0,"ind_inc":2,"log":74,"ind_0_17":56.5,"ind_65p":46}},{"type":"Feature","geometry":{"type":"Polygon","coordinates":[[[2.512478828430176,48.77822383817366],[2.5127363204956055,48.77641387560695],[2.5100326538085938,48.77624418827048],[2.509775161743164,48.77802587669646],[2.512478828430176,48.77822383817366]]]},"id":1059990979,"properties":{"GEO":"CRS3035RES200mN2879400E3771400","GEO_OBJECT":"C200M","OBS_STATUS":"A","lcog_geo":"94071","ind":776.5,"men":267,"men_pauv":40,"men_1ind":76,"men_5ind":49,"men_prop":36,"men_fmp":54,"ind_snv":15134302,"men_surf":19623,"men_coll":228,"men_mais":39,"log_soc":219,"ind_inc":0,"log":267,"ind_0_17":244.5,"ind_65p":85}},{"type":"Feature","geometry":{"type":"Polygon","coordinates":[[[2.509775161743164,48.77802587669646],[2.5100326538085938,48.77624418827048],[2.507328987121582,48.77604621898632],[2.5070714950561523,48.77785619480892],[2.509775161743164,48.77802587669646]]]},"id":1059990978,"properties":{"GEO":"CRS3035RES200mN2879400E3771200","GEO_OBJECT":"C200M","OBS_STATUS":"A","lcog_geo":"94071","ind":195.5,"men":73,"men_pauv":5,"men_1ind":19,"men_5ind":10,"men_prop":13,"men_fmp":14,"ind_snv":4548303.6,"men_surf":5180,"men_coll":59,"men_mais":14,"log_soc":59,"ind_inc":0,"log":73,"ind_0_17":49.5,"ind_65p":28}},{"type":"Feature","geometry":{"type":"Polygon","coordinates":[[[2.5100326538085938,48.77624418827048],[2.5103330612182617,48.774462436607735],[2.50762939453125,48.77426446029722],[2.507328987121582,48.77604621898632],[2.5100326538085938,48.77624418827048]]]},"id":1059990137,"properties":{"GEO":"CRS3035RES200mN2879200E3771200","GEO_OBJECT":"C200M","OBS_STATUS":"A","lcog_geo":"94071","ind":166.5,"men":61,"men_pauv":3,"men_1ind":14,"men_5ind":6,"men_prop":50,"men_fmp":5,"ind_snv":5222370.2,"men_surf":5107,"men_coll":8,"men_mais":53,"log_soc":0,"ind_inc":0,"log":61,"ind_0_17":37.5,"ind_65p":29}},{"type":"Feature","geometry":{"type":"Polygon","coordinates":[[[2.550673484802246,48.77895911682526],[2.550930976867676,48.77717746152308],[2.548227310180664,48.777007776767704],[2.5479698181152344,48.77878943809239],[2.550673484802246,48.77895911682526]]]},"id":1059990151,"properties":{"GEO":"CRS3035RES200mN2879200E3774200","GEO_OBJECT":"C200M","OBS_STATUS":"A","lcog_geo":"94053","ind":76,"men":25,"men_pauv":2,"men_1ind":1,"men_5ind":3,"men_prop":18,"men_fmp":3,"ind_snv":1924374.8,"men_surf":2365,"men_coll":6,"men_mais":19,"log_soc":0,"ind_inc":0,"log":25,"ind_0_17":16,"ind_65p":18}},{"type":"Feature","geometry":{"type":"Polygon","coordinates":[[[2.5468969345092773,48.78594372684981],[2.547154426574707,48.7841623194698],[2.5444507598876953,48.783964381413114],[2.5441932678222656,48.78577407172844],[2.5468969345092773,48.78594372684981]]]},"id":1059993521,"properties":{"GEO":"CRS3035RES200mN2880000E3774000","GEO_OBJECT":"C200M","OBS_STATUS":"I","lcog_geo":"94055","ind":8,"men":3.3,"men_pauv":0,"men_1ind":0.7,"men_5ind":0.3,"men_prop":2.8,"men_fmp":0.3,"ind_snv":300936.3,"men_surf":400.2,"men_coll":0,"men_mais":3.3,"log_soc":0,"ind_inc":0,"log":3.3,"ind_0_17":1.7,"ind_65p":1.9}},{"type":"Feature","geometry":{"type":"Polygon","coordinates":[[[2.542562484741211,48.77842179887014],[2.5428199768066406,48.77664012449671],[2.540116310119629,48.776470437924985],[2.539858818054199,48.77825211832095],[2.542562484741211,48.77842179887014]]]},"id":1059990148,"properties":{"GEO":"CRS3035RES200mN2879200E3773600","GEO_OBJECT":"C200M","OBS_STATUS":"I","lcog_geo":"94053","ind":7,"men":2.6,"men_pauv":0,"men_1ind":0.5,"men_5ind":0.1,"men_prop":2.4,"men_fmp":0,"ind_snv":245622,"men_surf":298.6,"men_coll":0,"men_mais":2.6,"log_soc":0,"ind_inc":0,"log":2.6,"ind_0_17":1.6,"ind_65p":1.6}},{"type":"Feature","geometry":{"type":"Polygon","coordinates":[[[2.538785934448242,48.785406483664616],[2.539043426513672,48.78362505721398],[2.53633975982666,48.783427117038315],[2.536039352416992,48.785208550514994],[2.538785934448242,48.785406483664616]]]},"id":1059993519,"properties":{"GEO":"CRS3035RES200mN2880000E3773400","GEO_OBJECT":"C200M","OBS_STATUS":"A","lcog_geo":"94055","ind":111,"men":41,"men_pauv":3,"men_1ind":8,"men_5ind":2,"men_prop":38,"men_fmp":4,"ind_snv":3649628.1,"men_surf":4044,"men_coll":1,"men_mais":40,"log_soc":0,"ind_inc":0,"log":41,"ind_0_17":23,"ind_65p":23}},{"type":"Feature","geometry":{"type":"Polygon","coordinates":[[[2.5493431091308594,48.78792299421988],[2.549600601196289,48.78611338139757],[2.5468969345092773,48.78594372684981],[2.5466394424438477,48.78772507099586],[2.5493431091308594,48.78792299421988]]]},"id":1059994382,"properties":{"GEO":"CRS3035RES200mN2880200E3774200","GEO_OBJECT":"C200M","OBS_STATUS":"A","lcog_geo":"94055","ind":25,"men":12,"men_pauv":1,"men_1ind":4,"men_5ind":0,"men_prop":12,"men_fmp":2,"ind_snv":909589.9,"men_surf":2023,"men_coll":0,"men_mais":12,"log_soc":0,"ind_inc":0,"log":12,"ind_0_17":1,"ind_65p":4}},{"type":"Feature","geometry":{"type":"Polygon","coordinates":[[[2.549600601196289,48.78611338139757],[2.5498580932617188,48.784331980039866],[2.547154426574707,48.7841623194698],[2.5468969345092773,48.78594372684981],[2.549600601196289,48.78611338139757]]]},"id":1059993522,"properties":{"GEO":"CRS3035RES200mN2880000E3774200","GEO_OBJECT":"C200M","OBS_STATUS":"I","lcog_geo":"94055","ind":5,"men":2.1,"men_pauv":0,"men_1ind":0.4,"men_5ind":0.2,"men_prop":1.7,"men_fmp":0.2,"ind_snv":188085.2,"men_surf":250.1,"men_coll":0,"men_mais":2.1,"log_soc":0,"ind_inc":0,"log":2.0999999999999996,"ind_0_17":1,"ind_65p":1.2}},{"type":"Feature","geometry":{"type":"Polygon","coordinates":[[[2.5463390350341797,48.789534625698906],[2.5466394424438477,48.78772507099586],[2.543935775756836,48.78755542189677],[2.543635368347168,48.78933670883163],[2.5463390350341797,48.789534625698906]]]},"id":1059995195,"properties":{"GEO":"CRS3035RES200mN2880400E3774000","GEO_OBJECT":"C200M","OBS_STATUS":"A","lcog_geo":"94055","ind":190,"men":65,"men_pauv":3,"men_1ind":6,"men_5ind":7,"men_prop":55,"men_fmp":10,"ind_snv":5583393.4,"men_surf":6548,"men_coll":8,"men_mais":57,"log_soc":5,"ind_inc":1,"log":65,"ind_0_17":34.5,"ind_65p":40}},{"type":"Feature","geometry":{"type":"Polygon","coordinates":[[[2.543935775756836,48.78755542189677],[2.5441932678222656,48.78577407172844],[2.541489601135254,48.78557614002867],[2.541189193725586,48.78735749722293],[2.543935775756836,48.78755542189677]]]},"id":1059994380,"properties":{"GEO":"CRS3035RES200mN2880200E3773800","GEO_OBJECT":"C200M","OBS_STATUS":"I","lcog_geo":"94055","ind":21,"men":10.2,"men_pauv":1.1,"men_1ind":4.3,"men_5ind":0,"men_prop":5.9,"men_fmp":2.2,"ind_snv":700424.3,"men_surf":894.4,"men_coll":2.7,"men_mais":7.5,"log_soc":0,"ind_inc":0,"log":10.2,"ind_0_17":1.6,"ind_65p":7.5}},{"type":"Feature","geometry":{"type":"Polygon","coordinates":[[[2.5466394424438477,48.78772507099586],[2.5468969345092773,48.78594372684981],[2.5441932678222656,48.78577407172844],[2.543935775756836,48.78755542189677],[2.5466394424438477,48.78772507099586]]]},"id":1059994381,"properties":{"GEO":"CRS3035RES200mN2880200E3774000","GEO_OBJECT":"C200M","OBS_STATUS":"A","lcog_geo":"94055","ind":59,"men":24,"men_pauv":1,"men_1ind":6,"men_5ind":2,"men_prop":23,"men_fmp":0,"ind_snv":2524121,"men_surf":3998,"men_coll":0,"men_mais":24,"log_soc":0,"ind_inc":0,"log":24,"ind_0_17":3,"ind_65p":22}},{"type":"Feature","geometry":{"type":"Polygon","coordinates":[[[2.543635368347168,48.78933670883163],[2.543935775756836,48.78755542189677],[2.541189193725586,48.78735749722293],[2.5409317016601562,48.78916706518123],[2.543635368347168,48.78933670883163]]]},"id":1059995194,"properties":{"GEO":"CRS3035RES200mN2880400E3773800","GEO_OBJECT":"C200M","OBS_STATUS":"A","lcog_geo":"94055","ind":180,"men":70,"men_pauv":3,"men_1ind":18,"men_5ind":4,"men_prop":60,"men_fmp":7,"ind_snv":6018535.9,"men_surf":6813,"men_coll":7,"men_mais":63,"log_soc":0,"ind_inc":0,"log":70,"ind_0_17":39,"ind_65p":46}},{"type":"Feature","geometry":{"type":"Polygon","coordinates":[[[2.541189193725586,48.78735749722293],[2.541489601135254,48.78557614002867],[2.538785934448242,48.785406483664616],[2.538485527038574,48.78718784688118],[2.541189193725586,48.78735749722293]]]},"id":1059994379,"properties":{"GEO":"CRS3035RES200mN2880200E3773600","GEO_OBJECT":"C200M","OBS_STATUS":"A","lcog_geo":"94055","ind":181.5,"men":71,"men_pauv":8,"men_1ind":17,"men_5ind":5,"men_prop":39,"men_fmp":11,"ind_snv":4570245.2,"men_surf":5859,"men_coll":22,"men_mais":49,"log_soc":11,"ind_inc":0,"log":71,"ind_0_17":41.5,"ind_65p":31}},{"type":"Feature","geometry":{"type":"Polygon","coordinates":[[[2.541489601135254,48.78557614002867],[2.5417470932006836,48.78379471960034],[2.539043426513672,48.78362505721398],[2.538785934448242,48.785406483664616],[2.541489601135254,48.78557614002867]]]},"id":1059993520,"properties":{"GEO":"CRS3035RES200mN2880000E3773600","GEO_OBJECT":"C200M","OBS_STATUS":"I","lcog_geo":"94055","ind":18,"men":8.8,"men_pauv":0.9,"men_1ind":3.7,"men_5ind":0,"men_prop":5.1,"men_fmp":1.8,"ind_snv":600363.6,"men_surf":766.6,"men_coll":2.3,"men_mais":6.5,"log_soc":0,"ind_inc":0,"log":8.8,"ind_0_17":1.4,"ind_65p":6.5}},{"type":"Feature","geometry":{"type":"Polygon","coordinates":[[[2.5409317016601562,48.78916706518123],[2.541189193725586,48.78735749722293],[2.538485527038574,48.78718784688118],[2.5382280349731445,48.78896914686416],[2.5409317016601562,48.78916706518123]]]},"id":1059995193,"properties":{"GEO":"CRS3035RES200mN2880400E3773600","GEO_OBJECT":"C200M","OBS_STATUS":"A","lcog_geo":"94055","ind":288.5,"men":102,"men_pauv":9,"men_1ind":22,"men_5ind":14,"men_prop":78,"men_fmp":12,"ind_snv":7993828.5,"men_surf":8675,"men_coll":18,"men_mais":84,"log_soc":0,"ind_inc":2,"log":102,"ind_0_17":75.5,"ind_65p":64}},{"type":"Feature","geometry":{"type":"Polygon","coordinates":[[[2.53659725189209,48.78164562032694],[2.5368547439575195,48.77986406038039],[2.534151077270508,48.77966610537183],[2.533893585205078,48.78144767234451],[2.53659725189209,48.78164562032694]]]},"id":1059991848,"properties":{"GEO":"CRS3035RES200mN2879600E3773200","GEO_OBJECT":"C200M","OBS_STATUS":"A","lcog_geo":"94055","ind":182,"men":56,"men_pauv":0,"men_1ind":2,"men_5ind":5,"men_prop":56,"men_fmp":6,"ind_snv":6991742.8,"men_surf":6733,"men_coll":0,"men_mais":56,"log_soc":0,"ind_inc":0,"log":56,"ind_0_17":42,"ind_65p":19}},{"type":"Feature","geometry":{"type":"Polygon","coordinates":[[[2.5368547439575195,48.77986406038039],[2.5371551513671875,48.77805415695528],[2.5344085693359375,48.77788447516335],[2.534151077270508,48.77966610537183],[2.5368547439575195,48.77986406038039]]]},"id":1059990987,"properties":{"GEO":"CRS3035RES200mN2879400E3773200","GEO_OBJECT":"C200M","OBS_STATUS":"A","lcog_geo":"94055","ind":66,"men":21,"men_pauv":0,"men_1ind":2,"men_5ind":2,"men_prop":21,"men_fmp":2,"ind_snv":2398080,"men_surf":2620,"men_coll":0,"men_mais":21,"log_soc":0,"ind_inc":0,"log":21,"ind_0_17":11,"ind_65p":16}},{"type":"Feature","geometry":{"type":"Polygon","coordinates":[[[2.539043426513672,48.78362505721398],[2.5393009185791016,48.78181528940482],[2.53659725189209,48.78164562032694],[2.53633975982666,48.783427117038315],[2.539043426513672,48.78362505721398]]]},"id":1059992681,"properties":{"GEO":"CRS3035RES200mN2879800E3773400","GEO_OBJECT":"C200M","OBS_STATUS":"A","lcog_geo":"94055","ind":76,"men":28,"men_pauv":0,"men_1ind":2,"men_5ind":2,"men_prop":26,"men_fmp":1,"ind_snv":3198486.9,"men_surf":3169,"men_coll":0,"men_mais":28,"log_soc":0,"ind_inc":0,"log":28,"ind_0_17":2,"ind_65p":20}},{"type":"Feature","geometry":{"type":"Polygon","coordinates":[[[2.53633975982666,48.783427117038315],[2.53659725189209,48.78164562032694],[2.533893585205078,48.78144767234451],[2.5336360931396484,48.78325745340925],[2.53633975982666,48.783427117038315]]]},"id":1059992680,"properties":{"GEO":"CRS3035RES200mN2879800E3773200","GEO_OBJECT":"C200M","OBS_STATUS":"A","lcog_geo":"94055","ind":150.5,"men":54,"men_pauv":0,"men_1ind":6,"men_5ind":5,"men_prop":53,"men_fmp":2,"ind_snv":5536104.4,"men_surf":6271,"men_coll":0,"men_mais":54,"log_soc":0,"ind_inc":0,"log":54,"ind_0_17":25.5,"ind_65p":40}},{"type":"Feature","geometry":{"type":"Polygon","coordinates":[[[2.5393009185791016,48.78181528940482],[2.5395584106445312,48.780033735480686],[2.5368547439575195,48.77986406038039],[2.53659725189209,48.78164562032694],[2.5393009185791016,48.78181528940482]]]},"id":1059991849,"properties":{"GEO":"CRS3035RES200mN2879600E3773400","GEO_OBJECT":"C200M","OBS_STATUS":"I","lcog_geo":"94055","ind":20,"men":7.4,"men_pauv":0,"men_1ind":1.6,"men_5ind":0.4,"men_prop":7,"men_fmp":0,"ind_snv":701777,"men_surf":853.2,"men_coll":0,"men_mais":7.4,"log_soc":0,"ind_inc":0,"log":7.4,"ind_0_17":4.5,"ind_65p":4.7}},{"type":"Feature","geometry":{"type":"Polygon","coordinates":[[[2.536039352416992,48.785208550514994],[2.53633975982666,48.783427117038315],[2.5336360931396484,48.78325745340925],[2.5333356857299805,48.78503889290826],[2.536039352416992,48.785208550514994]]]},"id":1059993518,"properties":{"GEO":"CRS3035RES200mN2880000E3773200","GEO_OBJECT":"C200M","OBS_STATUS":"A","lcog_geo":"94055","ind":250,"men":80,"men_pauv":4,"men_1ind":11,"men_5ind":10,"men_prop":71,"men_fmp":3,"ind_snv":7765766.4,"men_surf":8033,"men_coll":3,"men_mais":77,"log_soc":0,"ind_inc":0,"log":80,"ind_0_17":57,"ind_65p":43}},{"type":"Feature","geometry":{"type":"Polygon","coordinates":[[[2.5357818603515625,48.78701819596586],[2.536039352416992,48.785208550514994],[2.5333356857299805,48.78503889290826],[2.533078193664551,48.78682026917309],[2.5357818603515625,48.78701819596586]]]},"id":1059994377,"properties":{"GEO":"CRS3035RES200mN2880200E3773200","GEO_OBJECT":"C200M","OBS_STATUS":"A","lcog_geo":"94055","ind":305,"men":110,"men_pauv":11,"men_1ind":19,"men_5ind":12,"men_prop":93,"men_fmp":11,"ind_snv":9286369.6,"men_surf":10533,"men_coll":10,"men_mais":100,"log_soc":0,"ind_inc":0,"log":110,"ind_0_17":61,"ind_65p":57}},{"type":"Feature","geometry":{"type":"Polygon","coordinates":[[[2.533078193664551,48.78682026917309],[2.5333356857299805,48.78503889290826],[2.5306320190429688,48.78484095830882],[2.530374526977539,48.786650617015084],[2.533078193664551,48.78682026917309]]]},"id":1059994376,"properties":{"GEO":"CRS3035RES200mN2880200E3773000","GEO_OBJECT":"C200M","OBS_STATUS":"A","lcog_geo":"94055","ind":317,"men":115,"men_pauv":6,"men_1ind":23,"men_5ind":15,"men_prop":100,"men_fmp":11,"ind_snv":9194161.1,"men_surf":10807,"men_coll":11,"men_mais":104,"log_soc":0,"ind_inc":0,"log":115,"ind_0_17":68,"ind_65p":51}},{"type":"Feature","geometry":{"type":"Polygon","coordinates":[[[2.5311899185180664,48.781278002023925],[2.531447410583496,48.7794964290288],[2.5287437438964844,48.77929847257033],[2.5284862518310547,48.781108331129786],[2.5311899185180664,48.781278002023925]]]},"id":1059991846,"properties":{"GEO":"CRS3035RES200mN2879600E3772800","GEO_OBJECT":"C200M","OBS_STATUS":"A","lcog_geo":"94055","ind":165.5,"men":55,"men_pauv":3,"men_1ind":5,"men_5ind":9,"men_prop":47,"men_fmp":3,"ind_snv":5473016.7,"men_surf":5849,"men_coll":7,"men_mais":48,"log_soc":0,"ind_inc":0,"log":55,"ind_0_17":37.5,"ind_65p":27}},{"type":"Feature","geometry":{"type":"Polygon","coordinates":[[[2.5336360931396484,48.78325745340925],[2.533893585205078,48.78144767234451],[2.5311899185180664,48.781278002023925],[2.5308895111083984,48.78305951178376],[2.5336360931396484,48.78325745340925]]]},"id":1059992679,"properties":{"GEO":"CRS3035RES200mN2879800E3773000","GEO_OBJECT":"C200M","OBS_STATUS":"A","lcog_geo":"94055","ind":224,"men":82,"men_pauv":5,"men_1ind":10,"men_5ind":6,"men_prop":69,"men_fmp":6,"ind_snv":6469294.3,"men_surf":7913,"men_coll":7,"men_mais":75,"log_soc":0,"ind_inc":0,"log":82,"ind_0_17":40,"ind_65p":58}},{"type":"Feature","geometry":{"type":"Polygon","coordinates":[[[2.533893585205078,48.78144767234451],[2.534151077270508,48.77966610537183],[2.531447410583496,48.7794964290288],[2.5311899185180664,48.781278002023925],[2.533893585205078,48.78144767234451]]]},"id":1059991847,"properties":{"GEO":"CRS3035RES200mN2879600E3773000","GEO_OBJECT":"C200M","OBS_STATUS":"A","lcog_geo":"94055","ind":125,"men":44,"men_pauv":1,"men_1ind":3,"men_5ind":5,"men_prop":42,"men_fmp":4,"ind_snv":4471024.7,"men_surf":5320,"men_coll":2,"men_mais":42,"log_soc":0,"ind_inc":0,"log":44,"ind_0_17":29,"ind_65p":45}},{"type":"Feature","geometry":{"type":"Polygon","coordinates":[[[2.5308895111083984,48.78305951178376],[2.5311899185180664,48.781278002023925],[2.5284862518310547,48.781108331129786],[2.5281858444213867,48.78288984691201],[2.5308895111083984,48.78305951178376]]]},"id":1059992678,"properties":{"GEO":"CRS3035RES200mN2879800E3772800","GEO_OBJECT":"C200M","OBS_STATUS":"A","lcog_geo":"94055","ind":273,"men":96,"men_pauv":5,"men_1ind":19,"men_5ind":12,"men_prop":77,"men_fmp":8,"ind_snv":7454338.8,"men_surf":8707,"men_coll":9,"men_mais":87,"log_soc":0,"ind_inc":0,"log":96,"ind_0_17":58,"ind_65p":73}},{"type":"Feature","geometry":{"type":"Polygon","coordinates":[[[2.5333356857299805,48.78503889290826],[2.5336360931396484,48.78325745340925],[2.5308895111083984,48.78305951178376],[2.5306320190429688,48.78484095830882],[2.5333356857299805,48.78503889290826]]]},"id":1059993517,"properties":{"GEO":"CRS3035RES200mN2880000E3773000","GEO_OBJECT":"C200M","OBS_STATUS":"A","lcog_geo":"94055","ind":257.5,"men":92,"men_pauv":5,"men_1ind":17,"men_5ind":8,"men_prop":87,"men_fmp":10,"ind_snv":7533855.7,"men_surf":8942,"men_coll":0,"men_mais":92,"log_soc":0,"ind_inc":0,"log":92,"ind_0_17":60.5,"ind_65p":66}},{"type":"Feature","geometry":{"type":"Polygon","coordinates":[[[2.527928352355957,48.784671299459404],[2.5281858444213867,48.78288984691201],[2.525482177734375,48.78269190383671],[2.5252246856689453,48.78450164003644],[2.527928352355957,48.784671299459404]]]},"id":1059993515,"properties":{"GEO":"CRS3035RES200mN2880000E3772600","GEO_OBJECT":"C200M","OBS_STATUS":"A","lcog_geo":"9405594019","ind":232.5,"men":80,"men_pauv":3,"men_1ind":11,"men_5ind":11,"men_prop":66,"men_fmp":10,"ind_snv":6832947.1,"men_surf":8042,"men_coll":8,"men_mais":72,"log_soc":0,"ind_inc":0,"log":80,"ind_0_17":50.5,"ind_65p":33}},{"type":"Feature","geometry":{"type":"Polygon","coordinates":[[[2.530374526977539,48.786650617015084],[2.5306320190429688,48.78484095830882],[2.527928352355957,48.784671299459404],[2.5276708602905273,48.7864526887725],[2.530374526977539,48.786650617015084]]]},"id":1059994375,"properties":{"GEO":"CRS3035RES200mN2880200E3772800","GEO_OBJECT":"C200M","OBS_STATUS":"A","lcog_geo":"9405594019","ind":496.5,"men":218,"men_pauv":22,"men_1ind":76,"men_5ind":13,"men_prop":168,"men_fmp":21,"ind_snv":12714461.6,"men_surf":15822,"men_coll":150,"men_mais":68,"log_soc":0,"ind_inc":0,"log":218,"ind_0_17":104.5,"ind_65p":100}},{"type":"Feature","geometry":{"type":"Polygon","coordinates":[[[2.5306320190429688,48.78484095830882],[2.5308895111083984,48.78305951178376],[2.5281858444213867,48.78288984691201],[2.527928352355957,48.784671299459404],[2.5306320190429688,48.78484095830882]]]},"id":1059993516,"properties":{"GEO":"CRS3035RES200mN2880000E3772800","GEO_OBJECT":"C200M","OBS_STATUS":"A","lcog_geo":"94055","ind":238,"men":88,"men_pauv":1,"men_1ind":18,"men_5ind":10,"men_prop":79,"men_fmp":4,"ind_snv":6960824.6,"men_surf":8569,"men_coll":3,"men_mais":85,"log_soc":0,"ind_inc":0,"log":88,"ind_0_17":49,"ind_65p":49}},{"type":"Feature","geometry":{"type":"Polygon","coordinates":[[[2.538485527038574,48.78718784688118],[2.538785934448242,48.785406483664616],[2.536039352416992,48.785208550514994],[2.5357818603515625,48.78701819596586],[2.538485527038574,48.78718784688118]]]},"id":1059994378,"properties":{"GEO":"CRS3035RES200mN2880200E3773400","GEO_OBJECT":"C200M","OBS_STATUS":"A","lcog_geo":"94055","ind":228,"men":86,"men_pauv":2,"men_1ind":18,"men_5ind":9,"men_prop":78,"men_fmp":9,"ind_snv":6846142.2,"men_surf":8811,"men_coll":2,"men_mais":84,"log_soc":0,"ind_inc":0,"log":86,"ind_0_17":53,"ind_65p":62}},{"type":"Feature","geometry":{"type":"Polygon","coordinates":[[[2.535524368286133,48.788799501971084],[2.5357818603515625,48.78701819596586],[2.533078193664551,48.78682026917309],[2.532820701599121,48.78860158220422],[2.535524368286133,48.788799501971084]]]},"id":1059995191,"properties":{"GEO":"CRS3035RES200mN2880400E3773200","GEO_OBJECT":"C200M","OBS_STATUS":"A","lcog_geo":"94055","ind":269.5,"men":97,"men_pauv":5,"men_1ind":14,"men_5ind":8,"men_prop":91,"men_fmp":8,"ind_snv":8100169.5,"men_surf":9789,"men_coll":2,"men_mais":95,"log_soc":0,"ind_inc":0,"log":97,"ind_0_17":53.5,"ind_65p":58}},{"type":"Feature","geometry":{"type":"Polygon","coordinates":[[[2.532520294189453,48.790411105298745],[2.532820701599121,48.78860158220422],[2.5301170349121094,48.78843193606846],[2.5298166275024414,48.790213191888654],[2.532520294189453,48.790411105298745]]]},"id":1059996012,"properties":{"GEO":"CRS3035RES200mN2880600E3773000","GEO_OBJECT":"C200M","OBS_STATUS":"A","lcog_geo":"9401994055","ind":438,"men":224,"men_pauv":19,"men_1ind":100,"men_5ind":9,"men_prop":167,"men_fmp":19,"ind_snv":11025340.4,"men_surf":14199,"men_coll":178,"men_mais":46,"log_soc":0,"ind_inc":0,"log":224,"ind_0_17":70,"ind_65p":111}},{"type":"Feature","geometry":{"type":"Polygon","coordinates":[[[2.5382280349731445,48.78896914686416],[2.538485527038574,48.78718784688118],[2.5357818603515625,48.78701819596586],[2.535524368286133,48.788799501971084],[2.5382280349731445,48.78896914686416]]]},"id":1059995192,"properties":{"GEO":"CRS3035RES200mN2880400E3773400","GEO_OBJECT":"C200M","OBS_STATUS":"A","lcog_geo":"94055","ind":237,"men":89,"men_pauv":7,"men_1ind":19,"men_5ind":10,"men_prop":76,"men_fmp":4,"ind_snv":6544775.9,"men_surf":8197,"men_coll":7,"men_mais":82,"log_soc":0,"ind_inc":0,"log":89,"ind_0_17":42,"ind_65p":71}},{"type":"Feature","geometry":{"type":"Polygon","coordinates":[[[2.532820701599121,48.78860158220422],[2.533078193664551,48.78682026917309],[2.530374526977539,48.786650617015084],[2.5301170349121094,48.78843193606846],[2.532820701599121,48.78860158220422]]]},"id":1059995190,"properties":{"GEO":"CRS3035RES200mN2880400E3773000","GEO_OBJECT":"C200M","OBS_STATUS":"A","lcog_geo":"9405594019","ind":193.5,"men":86,"men_pauv":9,"men_1ind":27,"men_5ind":4,"men_prop":69,"men_fmp":6,"ind_snv":5146415.3,"men_surf":7043,"men_coll":22,"men_mais":64,"log_soc":0,"ind_inc":0,"log":86,"ind_0_17":30.5,"ind_65p":55}},{"type":"Feature","geometry":{"type":"Polygon","coordinates":[[[2.5301170349121094,48.78843193606846],[2.530374526977539,48.786650617015084],[2.5276708602905273,48.7864526887725],[2.5273704528808594,48.78826228935915],[2.5301170349121094,48.78843193606846]]]},"id":1059995189,"properties":{"GEO":"CRS3035RES200mN2880400E3772800","GEO_OBJECT":"C200M","OBS_STATUS":"A","lcog_geo":"9401994055","ind":338.5,"men":169,"men_pauv":12,"men_1ind":75,"men_5ind":3,"men_prop":119,"men_fmp":24,"ind_snv":8378019.9,"men_surf":10286,"men_coll":159,"men_mais":10,"log_soc":0,"ind_inc":0,"log":169,"ind_0_17":69.5,"ind_65p":78}},{"type":"Feature","geometry":{"type":"Polygon","coordinates":[[[2.5298166275024414,48.790213191888654],[2.5301170349121094,48.78843193606846],[2.5273704528808594,48.78826228935915],[2.5271129608154297,48.790043551201535],[2.5298166275024414,48.790213191888654]]]},"id":1059996011,"properties":{"GEO":"CRS3035RES200mN2880600E3772800","GEO_OBJECT":"C200M","OBS_STATUS":"A","lcog_geo":"94019","ind":305.5,"men":168,"men_pauv":15,"men_1ind":84,"men_5ind":3,"men_prop":114,"men_fmp":22,"ind_snv":7264233.3,"men_surf":9702,"men_coll":167,"men_mais":1,"log_soc":0,"ind_inc":0,"log":168,"ind_0_17":58,"ind_65p":65}},{"type":"Feature","geometry":{"type":"Polygon","coordinates":[[[2.5284862518310547,48.781108331129786],[2.5287437438964844,48.77929847257033],[2.5260400772094727,48.77912879498459],[2.5257396697998047,48.78091038102835],[2.5284862518310547,48.781108331129786]]]},"id":1059991845,"properties":{"GEO":"CRS3035RES200mN2879600E3772600","GEO_OBJECT":"C200M","OBS_STATUS":"A","lcog_geo":"94055","ind":117,"men":41,"men_pauv":1,"men_1ind":8,"men_5ind":5,"men_prop":36,"men_fmp":5,"ind_snv":3635216.1,"men_surf":4166,"men_coll":3,"men_mais":38,"log_soc":0,"ind_inc":0,"log":41,"ind_0_17":28,"ind_65p":17}},{"type":"Feature","geometry":{"type":"Polygon","coordinates":[[[2.5281858444213867,48.78288984691201],[2.5284862518310547,48.781108331129786],[2.5257396697998047,48.78091038102835],[2.525482177734375,48.78269190383671],[2.5281858444213867,48.78288984691201]]]},"id":1059992677,"properties":{"GEO":"CRS3035RES200mN2879800E3772600","GEO_OBJECT":"C200M","OBS_STATUS":"A","lcog_geo":"94055","ind":232.5,"men":90,"men_pauv":3,"men_1ind":23,"men_5ind":10,"men_prop":82,"men_fmp":7,"ind_snv":6798904.3,"men_surf":8706,"men_coll":2,"men_mais":88,"log_soc":0,"ind_inc":0,"log":90,"ind_0_17":44.5,"ind_65p":56}},{"type":"Feature","geometry":{"type":"Polygon","coordinates":[[[2.523036003112793,48.7807407088915],[2.523336410522461,48.778930837076274],[2.520632743835449,48.77876115824779],[2.5203323364257812,48.780542757340186],[2.523036003112793,48.7807407088915]]]},"id":1059991843,"properties":{"GEO":"CRS3035RES200mN2879600E3772200","GEO_OBJECT":"C200M","OBS_STATUS":"A","lcog_geo":"9405594071","ind":201,"men":74,"men_pauv":1,"men_1ind":13,"men_5ind":6,"men_prop":71,"men_fmp":7,"ind_snv":6029787.9,"men_surf":7634,"men_coll":1,"men_mais":73,"log_soc":0,"ind_inc":0,"log":74,"ind_0_17":42,"ind_65p":48}},{"type":"Feature","geometry":{"type":"Polygon","coordinates":[[[2.5257396697998047,48.78091038102835],[2.5260400772094727,48.77912879498459],[2.523336410522461,48.778930837076274],[2.523036003112793,48.7807407088915],[2.5257396697998047,48.78091038102835]]]},"id":1059991844,"properties":{"GEO":"CRS3035RES200mN2879600E3772400","GEO_OBJECT":"C200M","OBS_STATUS":"A","lcog_geo":"94055","ind":335,"men":121,"men_pauv":7,"men_1ind":18,"men_5ind":9,"men_prop":106,"men_fmp":16,"ind_snv":9633121.1,"men_surf":10851,"men_coll":6,"men_mais":115,"log_soc":0,"ind_inc":0,"log":121,"ind_0_17":76,"ind_65p":58}},{"type":"Feature","geometry":{"type":"Polygon","coordinates":[[[2.5249671936035156,48.78628303537181],[2.5252246856689453,48.78450164003644],[2.5225210189819336,48.784303703318045],[2.5222206115722656,48.78608510567943],[2.5249671936035156,48.78628303537181]]]},"id":1059994373,"properties":{"GEO":"CRS3035RES200mN2880200E3772400","GEO_OBJECT":"C200M","OBS_STATUS":"A","lcog_geo":"94019","ind":368,"men":174,"men_pauv":13,"men_1ind":66,"men_5ind":7,"men_prop":124,"men_fmp":26,"ind_snv":9527094,"men_surf":10527,"men_coll":160,"men_mais":14,"log_soc":0,"ind_inc":0,"log":174,"ind_0_17":72.5,"ind_65p":75}},{"type":"Feature","geometry":{"type":"Polygon","coordinates":[[[2.5252246856689453,48.78450164003644],[2.525482177734375,48.78269190383671],[2.5227785110473633,48.78252223772222],[2.5225210189819336,48.784303703318045],[2.5252246856689453,48.78450164003644]]]},"id":1059993514,"properties":{"GEO":"CRS3035RES200mN2880000E3772400","GEO_OBJECT":"C200M","OBS_STATUS":"A","lcog_geo":"9401994055","ind":246,"men":83,"men_pauv":3,"men_1ind":10,"men_5ind":9,"men_prop":79,"men_fmp":5,"ind_snv":7771343.2,"men_surf":8096,"men_coll":0,"men_mais":83,"log_soc":0,"ind_inc":0,"log":83,"ind_0_17":56,"ind_65p":58}},{"type":"Feature","geometry":{"type":"Polygon","coordinates":[[[2.5225210189819336,48.784303703318045],[2.5227785110473633,48.78252223772222],[2.5200748443603516,48.782324293197064],[2.519817352294922,48.78413404265237],[2.5225210189819336,48.784303703318045]]]},"id":1059993513,"properties":{"GEO":"CRS3035RES200mN2880000E3772200","GEO_OBJECT":"C200M","OBS_STATUS":"A","lcog_geo":"9401994055","ind":238.5,"men":89,"men_pauv":6,"men_1ind":21,"men_5ind":8,"men_prop":71,"men_fmp":6,"ind_snv":7233091.2,"men_surf":8200,"men_coll":5,"men_mais":84,"log_soc":0,"ind_inc":0,"log":89,"ind_0_17":48.5,"ind_65p":41}},{"type":"Feature","geometry":{"type":"Polygon","coordinates":[[[2.525482177734375,48.78269190383671],[2.5257396697998047,48.78091038102835],[2.523036003112793,48.7807407088915],[2.5227785110473633,48.78252223772222],[2.525482177734375,48.78269190383671]]]},"id":1059992676,"properties":{"GEO":"CRS3035RES200mN2879800E3772400","GEO_OBJECT":"C200M","OBS_STATUS":"A","lcog_geo":"9405594019","ind":203,"men":83,"men_pauv":3,"men_1ind":21,"men_5ind":6,"men_prop":76,"men_fmp":8,"ind_snv":6403486.1,"men_surf":8323,"men_coll":4,"men_mais":79,"log_soc":0,"ind_inc":0,"log":83,"ind_0_17":31.5,"ind_65p":57}},{"type":"Feature","geometry":{"type":"Polygon","coordinates":[[[2.523336410522461,48.778930837076274],[2.5235939025878906,48.77714918077038],[2.520890235900879,48.77697949591936],[2.520632743835449,48.77876115824779],[2.523336410522461,48.778930837076274]]]},"id":1059990983,"properties":{"GEO":"CRS3035RES200mN2879400E3772200","GEO_OBJECT":"C200M","OBS_STATUS":"A","lcog_geo":"9405594071","ind":71,"men":29,"men_pauv":1,"men_1ind":8,"men_5ind":2,"men_prop":25,"men_fmp":4,"ind_snv":2378880.6,"men_surf":2947,"men_coll":3,"men_mais":26,"log_soc":0,"ind_inc":0,"log":29,"ind_0_17":21,"ind_65p":16}},{"type":"Feature","geometry":{"type":"Polygon","coordinates":[[[2.5227785110473633,48.78252223772222],[2.523036003112793,48.7807407088915],[2.5203323364257812,48.780542757340186],[2.5200748443603516,48.782324293197064],[2.5227785110473633,48.78252223772222]]]},"id":1059992675,"properties":{"GEO":"CRS3035RES200mN2879800E3772200","GEO_OBJECT":"C200M","OBS_STATUS":"A","lcog_geo":"940559401994071","ind":216.5,"men":75,"men_pauv":7,"men_1ind":14,"men_5ind":8,"men_prop":57,"men_fmp":6,"ind_snv":6854318.8,"men_surf":7297,"men_coll":12,"men_mais":63,"log_soc":6,"ind_inc":0,"log":75,"ind_0_17":51.5,"ind_65p":40}},{"type":"Feature","geometry":{"type":"Polygon","coordinates":[[[2.5203323364257812,48.780542757340186],[2.520632743835449,48.77876115824779],[2.517886161804199,48.77856319888963],[2.5176286697387695,48.7803730839606],[2.5203323364257812,48.780542757340186]]]},"id":1059991842,"properties":{"GEO":"CRS3035RES200mN2879600E3772000","GEO_OBJECT":"C200M","OBS_STATUS":"A","lcog_geo":"94071","ind":230.5,"men":82,"men_pauv":3,"men_1ind":14,"men_5ind":6,"men_prop":66,"men_fmp":7,"ind_snv":7738943,"men_surf":8103,"men_coll":9,"men_mais":73,"log_soc":0,"ind_inc":1,"log":82,"ind_0_17":53.5,"ind_65p":41}},{"type":"Feature","geometry":{"type":"Polygon","coordinates":[[[2.51737117767334,48.782154625839894],[2.5176286697387695,48.7803730839606],[2.514925003051758,48.78017513095949],[2.514667510986328,48.781984957909145],[2.51737117767334,48.782154625839894]]]},"id":1059992673,"properties":{"GEO":"CRS3035RES200mN2879800E3771800","GEO_OBJECT":"C200M","OBS_STATUS":"A","lcog_geo":"9405594071","ind":181,"men":69,"men_pauv":10,"men_1ind":17,"men_5ind":8,"men_prop":52,"men_fmp":7,"ind_snv":5519203.6,"men_surf":5999,"men_coll":17,"men_mais":52,"log_soc":0,"ind_inc":0,"log":69,"ind_0_17":43,"ind_65p":22}},{"type":"Feature","geometry":{"type":"Polygon","coordinates":[[[2.5222206115722656,48.78608510567943],[2.5225210189819336,48.784303703318045],[2.519817352294922,48.78413404265237],[2.519516944885254,48.78591545103606],[2.5222206115722656,48.78608510567943]]]},"id":1059994372,"properties":{"GEO":"CRS3035RES200mN2880200E3772200","GEO_OBJECT":"C200M","OBS_STATUS":"A","lcog_geo":"94019","ind":42.5,"men":13,"men_pauv":0,"men_1ind":0,"men_5ind":2,"men_prop":13,"men_fmp":1,"ind_snv":1258476.5,"men_surf":1461,"men_coll":0,"men_mais":13,"log_soc":0,"ind_inc":0,"log":13,"ind_0_17":9.5,"ind_65p":7}},{"type":"Feature","geometry":{"type":"Polygon","coordinates":[[[2.519817352294922,48.78413404265237],[2.5200748443603516,48.782324293197064],[2.51737117767334,48.782154625839894],[2.51711368560791,48.78393610448413],[2.519817352294922,48.78413404265237]]]},"id":1059993512,"properties":{"GEO":"CRS3035RES200mN2880000E3772000","GEO_OBJECT":"C200M","OBS_STATUS":"A","lcog_geo":"9405594019","ind":93,"men":38,"men_pauv":1,"men_1ind":9,"men_5ind":2,"men_prop":35,"men_fmp":0,"ind_snv":3153378.8,"men_surf":3903,"men_coll":6,"men_mais":32,"log_soc":0,"ind_inc":0,"log":38,"ind_0_17":14,"ind_65p":24}},{"type":"Feature","geometry":{"type":"Polygon","coordinates":[[[2.5200748443603516,48.782324293197064],[2.5203323364257812,48.780542757340186],[2.5176286697387695,48.7803730839606],[2.51737117767334,48.782154625839894],[2.5200748443603516,48.782324293197064]]]},"id":1059992674,"properties":{"GEO":"CRS3035RES200mN2879800E3772000","GEO_OBJECT":"C200M","OBS_STATUS":"A","lcog_geo":"9405594071","ind":157,"men":64,"men_pauv":6,"men_1ind":15,"men_5ind":4,"men_prop":50,"men_fmp":6,"ind_snv":4625525.4,"men_surf":5907,"men_coll":10,"men_mais":54,"log_soc":0,"ind_inc":0,"log":64,"ind_0_17":27,"ind_65p":38}},{"type":"Feature","geometry":{"type":"Polygon","coordinates":[[[2.5276708602905273,48.7864526887725],[2.527928352355957,48.784671299459404],[2.5252246856689453,48.78450164003644],[2.5249671936035156,48.78628303537181],[2.5276708602905273,48.7864526887725]]]},"id":1059994374,"properties":{"GEO":"CRS3035RES200mN2880200E3772600","GEO_OBJECT":"C200M","OBS_STATUS":"A","lcog_geo":"9401994055","ind":300,"men":169,"men_pauv":16,"men_1ind":91,"men_5ind":3,"men_prop":122,"men_fmp":20,"ind_snv":7103884.6,"men_surf":9844,"men_coll":167,"men_mais":2,"log_soc":0,"ind_inc":0,"log":169,"ind_0_17":59,"ind_65p":73}},{"type":"Feature","geometry":{"type":"Polygon","coordinates":[[[2.5271129608154297,48.790043551201535],[2.5273704528808594,48.78826228935915],[2.5246667861938477,48.788064367473396],[2.524409294128418,48.78984563634165],[2.5271129608154297,48.790043551201535]]]},"id":1059996010,"properties":{"GEO":"CRS3035RES200mN2880600E3772600","GEO_OBJECT":"C200M","OBS_STATUS":"I","lcog_geo":"94019","ind":20.5,"men":8.2,"men_pauv":1.7,"men_1ind":2.6,"men_5ind":0.4,"men_prop":4.7,"men_fmp":1.3,"ind_snv":697552.3,"men_surf":1062.5,"men_coll":3.5,"men_mais":4.7,"log_soc":0,"ind_inc":0,"log":8.2,"ind_0_17":4.1,"ind_65p":2.2}},{"type":"Feature","geometry":{"type":"Polygon","coordinates":[[[2.5246667861938477,48.788064367473396],[2.5249671936035156,48.78628303537181],[2.5222206115722656,48.78608510567943],[2.521963119506836,48.787894719521404],[2.5246667861938477,48.788064367473396]]]},"id":1059995188,"properties":{"GEO":"CRS3035RES200mN2880400E3772400","GEO_OBJECT":"C200M","OBS_STATUS":"I","lcog_geo":"94019","ind":27,"men":10.8,"men_pauv":2.3,"men_1ind":3.4,"men_5ind":0.6,"men_prop":6.3,"men_fmp":1.7,"ind_snv":918727.5,"men_surf":1399.5,"men_coll":4.5,"men_mais":6.3,"log_soc":0,"ind_inc":0,"log":10.8,"ind_0_17":5.4,"ind_65p":2.8}},{"type":"Feature","geometry":{"type":"Polygon","coordinates":[[[2.524409294128418,48.78984563634165],[2.5246667861938477,48.788064367473396],[2.521963119506836,48.787894719521404],[2.5217056274414062,48.78967599441185],[2.524409294128418,48.78984563634165]]]},"id":1059996009,"properties":{"GEO":"CRS3035RES200mN2880600E3772400","GEO_OBJECT":"C200M","OBS_STATUS":"A","lcog_geo":"94019","ind":95,"men":37,"men_pauv":5,"men_1ind":5,"men_5ind":1,"men_prop":32,"men_fmp":5,"ind_snv":3528229,"men_surf":5089,"men_coll":3,"men_mais":34,"log_soc":0,"ind_inc":0,"log":37,"ind_0_17":14,"ind_65p":21}},{"type":"Feature","geometry":{"type":"Polygon","coordinates":[[[2.521963119506836,48.787894719521404],[2.5222206115722656,48.78608510567943],[2.519516944885254,48.78591545103606],[2.519259452819824,48.78769679618583],[2.521963119506836,48.787894719521404]]]},"id":1059995187,"properties":{"GEO":"CRS3035RES200mN2880400E3772200","GEO_OBJECT":"C200M","OBS_STATUS":"A","lcog_geo":"94019","ind":86,"men":38,"men_pauv":3,"men_1ind":14,"men_5ind":4,"men_prop":28,"men_fmp":1,"ind_snv":2768757.4,"men_surf":4400,"men_coll":20,"men_mais":18,"log_soc":0,"ind_inc":0,"log":38,"ind_0_17":16,"ind_65p":29}},{"type":"Feature","geometry":{"type":"Polygon","coordinates":[[[2.519259452819824,48.78769679618583],[2.519516944885254,48.78591545103606],[2.516813278198242,48.785717519893865],[2.5165557861328125,48.78752714699118],[2.519259452819824,48.78769679618583]]]},"id":1059995186,"properties":{"GEO":"CRS3035RES200mN2880400E3772000","GEO_OBJECT":"C200M","OBS_STATUS":"A","lcog_geo":"940199406894071","ind":33,"men":13,"men_pauv":0,"men_1ind":3,"men_5ind":1,"men_prop":9,"men_fmp":2,"ind_snv":1672627,"men_surf":2471,"men_coll":0,"men_mais":13,"log_soc":0,"ind_inc":0,"log":13,"ind_0_17":5,"ind_65p":9}},{"type":"Feature","geometry":{"type":"Polygon","coordinates":[[[2.519516944885254,48.78591545103606],[2.519817352294922,48.78413404265237],[2.51711368560791,48.78393610448413],[2.516813278198242,48.785717519893865],[2.519516944885254,48.78591545103606]]]},"id":1059994371,"properties":{"GEO":"CRS3035RES200mN2880200E3772000","GEO_OBJECT":"C200M","OBS_STATUS":"A","lcog_geo":"940199405594071","ind":75,"men":28,"men_pauv":2,"men_1ind":5,"men_5ind":3,"men_prop":23,"men_fmp":4,"ind_snv":1929860,"men_surf":2734,"men_coll":0,"men_mais":28,"log_soc":0,"ind_inc":0,"log":28,"ind_0_17":14,"ind_65p":29}},{"type":"Feature","geometry":{"type":"Polygon","coordinates":[[[2.5217056274414062,48.78967599441185],[2.521963119506836,48.787894719521404],[2.519259452819824,48.78769679618583],[2.5190019607543945,48.789478078102206],[2.5217056274414062,48.78967599441185]]]},"id":1059996008,"properties":{"GEO":"CRS3035RES200mN2880600E3772200","GEO_OBJECT":"C200M","OBS_STATUS":"A","lcog_geo":"9401994068","ind":152,"men":70,"men_pauv":2,"men_1ind":27,"men_5ind":3,"men_prop":51,"men_fmp":5,"ind_snv":5833664.7,"men_surf":6483,"men_coll":52,"men_mais":18,"log_soc":0,"ind_inc":0,"log":70,"ind_0_17":26,"ind_65p":44}},{"type":"Feature","geometry":{"type":"Polygon","coordinates":[[[2.516813278198242,48.785717519893865],[2.51711368560791,48.78393610448413],[2.51436710357666,48.78376644257577],[2.5141096115112305,48.78554786400781],[2.516813278198242,48.785717519893865]]]},"id":1059994370,"properties":{"GEO":"CRS3035RES200mN2880200E3771800","GEO_OBJECT":"C200M","OBS_STATUS":"A","lcog_geo":"940719405594011","ind":320.5,"men":149,"men_pauv":11,"men_1ind":49,"men_5ind":6,"men_prop":134,"men_fmp":26,"ind_snv":9364431.6,"men_surf":12122,"men_coll":146,"men_mais":3,"log_soc":0,"ind_inc":0,"log":149,"ind_0_17":63,"ind_65p":86}},{"type":"Feature","geometry":{"type":"Polygon","coordinates":[[[2.5190019607543945,48.789478078102206],[2.519259452819824,48.78769679618583],[2.5165557861328125,48.78752714699118],[2.516298294067383,48.78930843492975],[2.5190019607543945,48.789478078102206]]]},"id":1059996007,"properties":{"GEO":"CRS3035RES200mN2880600E3772000","GEO_OBJECT":"C200M","OBS_STATUS":"A","lcog_geo":"9406894019","ind":92.5,"men":32,"men_pauv":1,"men_1ind":5,"men_5ind":5,"men_prop":30,"men_fmp":2,"ind_snv":3968091.1,"men_surf":5461,"men_coll":2,"men_mais":30,"log_soc":0,"ind_inc":0,"log":32,"ind_0_17":22.5,"ind_65p":25}},{"type":"Feature","geometry":{"type":"Polygon","coordinates":[[[2.516298294067383,48.78930843492975],[2.5165557861328125,48.78752714699118],[2.513852119445801,48.78732922220581],[2.513551712036133,48.78913879118372],[2.516298294067383,48.78930843492975]]]},"id":1059996006,"properties":{"GEO":"CRS3035RES200mN2880600E3771800","GEO_OBJECT":"C200M","OBS_STATUS":"A","lcog_geo":"94068","ind":110.5,"men":40,"men_pauv":1,"men_1ind":10,"men_5ind":8,"men_prop":34,"men_fmp":2,"ind_snv":4868457.8,"men_surf":6274,"men_coll":2,"men_mais":38,"log_soc":0,"ind_inc":0,"log":40,"ind_0_17":19.5,"ind_65p":24}},{"type":"Feature","geometry":{"type":"Polygon","coordinates":[[[2.5176286697387695,48.7803730839606],[2.517886161804199,48.77856319888963],[2.5151824951171875,48.778393518818405],[2.514925003051758,48.78017513095949],[2.5176286697387695,48.7803730839606]]]},"id":1059991841,"properties":{"GEO":"CRS3035RES200mN2879600E3771800","GEO_OBJECT":"C200M","OBS_STATUS":"A","lcog_geo":"94071","ind":203.5,"men":77,"men_pauv":4,"men_1ind":12,"men_5ind":4,"men_prop":72,"men_fmp":5,"ind_snv":6578425.5,"men_surf":7344,"men_coll":0,"men_mais":77,"log_soc":0,"ind_inc":0,"log":77,"ind_0_17":41,"ind_65p":46}},{"type":"Feature","geometry":{"type":"Polygon","coordinates":[[[2.514667510986328,48.781984957909145],[2.514925003051758,48.78017513095949],[2.512221336364746,48.780005456337136],[2.5119638442993164,48.78178701126501],[2.514667510986328,48.781984957909145]]]},"id":1059992672,"properties":{"GEO":"CRS3035RES200mN2879800E3771600","GEO_OBJECT":"C200M","OBS_STATUS":"A","lcog_geo":"9407194055","ind":173,"men":55,"men_pauv":9,"men_1ind":8,"men_5ind":6,"men_prop":38,"men_fmp":5,"ind_snv":4407744.4,"men_surf":4268,"men_coll":12,"men_mais":43,"log_soc":0,"ind_inc":0,"log":55,"ind_0_17":40,"ind_65p":25}},{"type":"Feature","geometry":{"type":"Polygon","coordinates":[[[2.514925003051758,48.78017513095949],[2.5151824951171875,48.778393518818405],[2.512478828430176,48.77822383817366],[2.512221336364746,48.780005456337136],[2.514925003051758,48.78017513095949]]]},"id":1059991840,"properties":{"GEO":"CRS3035RES200mN2879600E3771600","GEO_OBJECT":"C200M","OBS_STATUS":"A","lcog_geo":"94071","ind":200.5,"men":63,"men_pauv":5,"men_1ind":12,"men_5ind":11,"men_prop":57,"men_fmp":1,"ind_snv":6190669.9,"men_surf":6961,"men_coll":4,"men_mais":59,"log_soc":0,"ind_inc":0,"log":63,"ind_0_17":46.5,"ind_65p":27}},{"type":"Feature","geometry":{"type":"Polygon","coordinates":[[[2.51711368560791,48.78393610448413],[2.51737117767334,48.782154625839894],[2.514667510986328,48.781984957909145],[2.51436710357666,48.78376644257577],[2.51711368560791,48.78393610448413]]]},"id":1059993511,"properties":{"GEO":"CRS3035RES200mN2880000E3771800","GEO_OBJECT":"C200M","OBS_STATUS":"I","lcog_geo":"940559407194011","ind":27,"men":11.4,"men_pauv":1.8,"men_1ind":5,"men_5ind":1.4,"men_prop":7.3,"men_fmp":1.4,"ind_snv":643658.7,"men_surf":988.9,"men_coll":0.9,"men_mais":10.5,"log_soc":0,"ind_inc":0,"log":11.4,"ind_0_17":5.1,"ind_65p":4.1000000000000005}},{"type":"Feature","geometry":{"type":"Polygon","coordinates":[[[2.51436710357666,48.78376644257577],[2.514667510986328,48.781984957909145],[2.5119638442993164,48.78178701126501],[2.5116634368896484,48.783568502957735],[2.51436710357666,48.78376644257577]]]},"id":1059993510,"properties":{"GEO":"CRS3035RES200mN2880000E3771600","GEO_OBJECT":"C200M","OBS_STATUS":"I","lcog_geo":"940119407194055","ind":14,"men":5.9,"men_pauv":0.9,"men_1ind":2.6,"men_5ind":0.7,"men_prop":3.8,"men_fmp":0.7,"ind_snv":333749,"men_surf":512.8,"men_coll":0.5,"men_mais":5.4,"log_soc":0,"ind_inc":0,"log":5.9,"ind_0_17":2.5,"ind_65p":2.2}},{"type":"Feature","geometry":{"type":"Polygon","coordinates":[[[2.512221336364746,48.780005456337136],[2.512478828430176,48.77822383817366],[2.509775161743164,48.77802587669646],[2.5095176696777344,48.77980750188618],[2.512221336364746,48.780005456337136]]]},"id":1059991839,"properties":{"GEO":"CRS3035RES200mN2879600E3771400","GEO_OBJECT":"C200M","OBS_STATUS":"A","lcog_geo":"94071","ind":227,"men":101,"men_pauv":7,"men_1ind":42,"men_5ind":7,"men_prop":70,"men_fmp":12,"ind_snv":5648546.7,"men_surf":6588,"men_coll":81,"men_mais":20,"log_soc":0,"ind_inc":0,"log":101,"ind_0_17":51,"ind_65p":28}},{"type":"Feature","geometry":{"type":"Polygon","coordinates":[[[2.5095176696777344,48.77980750188618],[2.509775161743164,48.77802587669646],[2.5070714950561523,48.77785619480892],[2.5068140029907227,48.779637826021144],[2.5095176696777344,48.77980750188618]]]},"id":1059991838,"properties":{"GEO":"CRS3035RES200mN2879600E3771200","GEO_OBJECT":"C200M","OBS_STATUS":"I","lcog_geo":"94071","ind":10,"men":4.6,"men_pauv":0,"men_1ind":2.2,"men_5ind":0.5,"men_prop":0.5,"men_fmp":0.5,"ind_snv":245124.7,"men_surf":320,"men_coll":3.4,"men_mais":1.2,"log_soc":0,"ind_inc":0,"log":4.6000000000000005,"ind_0_17":1.4,"ind_65p":1.3}},{"type":"Feature","geometry":{"type":"Polygon","coordinates":[[[2.5114059448242188,48.78537820754818],[2.5116634368896484,48.783568502957735],[2.5089597702026367,48.78339883980664],[2.508702278137207,48.78518027428703],[2.5114059448242188,48.78537820754818]]]},"id":1059994369,"properties":{"GEO":"CRS3035RES200mN2880200E3771400","GEO_OBJECT":"C200M","OBS_STATUS":"A","lcog_geo":"9406894011","ind":58,"men":21,"men_pauv":0,"men_1ind":3,"men_5ind":3,"men_prop":20,"men_fmp":3,"ind_snv":2154874.3,"men_surf":2943,"men_coll":0,"men_mais":21,"log_soc":0,"ind_inc":0,"log":21,"ind_0_17":10,"ind_65p":12}},{"type":"Feature","geometry":{"type":"Polygon","coordinates":[[[2.508702278137207,48.78518027428703],[2.5089597702026367,48.78339883980664],[2.506256103515625,48.783200898738784],[2.5059986114501953,48.785010616584714],[2.508702278137207,48.78518027428703]]]},"id":1059994368,"properties":{"GEO":"CRS3035RES200mN2880200E3771200","GEO_OBJECT":"C200M","OBS_STATUS":"I","lcog_geo":"9406894011","ind":18,"men":7.6,"men_pauv":1.2,"men_1ind":3.4,"men_5ind":0.9,"men_prop":4.9,"men_fmp":0.9,"ind_snv":429105.8,"men_surf":659.3,"men_coll":0.6,"men_mais":7,"log_soc":0,"ind_inc":0,"log":7.6,"ind_0_17":3.3,"ind_65p":2.7}},{"type":"Feature","geometry":{"type":"Polygon","coordinates":[[[2.5084447860717773,48.786961645533296],[2.508702278137207,48.78518027428703],[2.5059986114501953,48.785010616584714],[2.5056982040405273,48.78679199385323],[2.5084447860717773,48.786961645533296]]]},"id":1059995182,"properties":{"GEO":"CRS3035RES200mN2880400E3771200","GEO_OBJECT":"C200M","OBS_STATUS":"A","lcog_geo":"94068","ind":256.5,"men":100,"men_pauv":6,"men_1ind":30,"men_5ind":7,"men_prop":69,"men_fmp":11,"ind_snv":7389592.1,"men_surf":7865,"men_coll":69,"men_mais":31,"log_soc":0,"ind_inc":0,"log":100,"ind_0_17":59.5,"ind_65p":34}},{"type":"Feature","geometry":{"type":"Polygon","coordinates":[[[2.5165557861328125,48.78752714699118],[2.516813278198242,48.785717519893865],[2.5141096115112305,48.78554786400781],[2.513852119445801,48.78732922220581],[2.5165557861328125,48.78752714699118]]]},"id":1059995185,"properties":{"GEO":"CRS3035RES200mN2880400E3771800","GEO_OBJECT":"C200M","OBS_STATUS":"A","lcog_geo":"9406894071","ind":55,"men":18,"men_pauv":1,"men_1ind":1,"men_5ind":4,"men_prop":15,"men_fmp":2,"ind_snv":2453411.8,"men_surf":3278,"men_coll":0,"men_mais":18,"log_soc":0,"ind_inc":0,"log":18,"ind_0_17":8,"ind_65p":8}},{"type":"Feature","geometry":{"type":"Polygon","coordinates":[[[2.513551712036133,48.78913879118372],[2.513852119445801,48.78732922220581],[2.511148452758789,48.787159571768456],[2.510848045349121,48.78894087275515],[2.513551712036133,48.78913879118372]]]},"id":1059996005,"properties":{"GEO":"CRS3035RES200mN2880600E3771600","GEO_OBJECT":"C200M","OBS_STATUS":"A","lcog_geo":"94068","ind":111,"men":38,"men_pauv":0,"men_1ind":4,"men_5ind":5,"men_prop":36,"men_fmp":3,"ind_snv":5336450,"men_surf":6592,"men_coll":1,"men_mais":37,"log_soc":0,"ind_inc":1,"log":38,"ind_0_17":20,"ind_65p":29}},{"type":"Feature","geometry":{"type":"Polygon","coordinates":[[[2.513852119445801,48.78732922220581],[2.5141096115112305,48.78554786400781],[2.5114059448242188,48.78537820754818],[2.511148452758789,48.787159571768456],[2.513852119445801,48.78732922220581]]]},"id":1059995184,"properties":{"GEO":"CRS3035RES200mN2880400E3771600","GEO_OBJECT":"C200M","OBS_STATUS":"A","lcog_geo":"9406894071","ind":153,"men":62,"men_pauv":4,"men_1ind":19,"men_5ind":6,"men_prop":40,"men_fmp":4,"ind_snv":6250389.8,"men_surf":6860,"men_coll":32,"men_mais":30,"log_soc":0,"ind_inc":0,"log":62,"ind_0_17":21,"ind_65p":45}},{"type":"Feature","geometry":{"type":"Polygon","coordinates":[[[2.511148452758789,48.787159571768456],[2.5114059448242188,48.78537820754818],[2.508702278137207,48.78518027428703],[2.5084447860717773,48.786961645533296],[2.511148452758789,48.787159571768456]]]},"id":1059995183,"properties":{"GEO":"CRS3035RES200mN2880400E3771400","GEO_OBJECT":"C200M","OBS_STATUS":"A","lcog_geo":"94068","ind":165,"men":57,"men_pauv":1,"men_1ind":8,"men_5ind":7,"men_prop":53,"men_fmp":6,"ind_snv":7164706.5,"men_surf":7917,"men_coll":0,"men_mais":57,"log_soc":0,"ind_inc":0,"log":57,"ind_0_17":42,"ind_65p":35}},{"type":"Feature","geometry":{"type":"Polygon","coordinates":[[[2.510848045349121,48.78894087275515],[2.511148452758789,48.787159571768456],[2.5084447860717773,48.786961645533296],[2.5081443786621094,48.78877122776646],[2.510848045349121,48.78894087275515]]]},"id":1059996004,"properties":{"GEO":"CRS3035RES200mN2880600E3771400","GEO_OBJECT":"C200M","OBS_STATUS":"A","lcog_geo":"94068","ind":161,"men":71,"men_pauv":5,"men_1ind":27,"men_5ind":6,"men_prop":50,"men_fmp":4,"ind_snv":5910874.4,"men_surf":6819,"men_coll":35,"men_mais":36,"log_soc":0,"ind_inc":0,"log":71,"ind_0_17":32,"ind_65p":40}},{"type":"Feature","geometry":{"type":"Polygon","coordinates":[[[2.5054407119750977,48.7885733078881],[2.5056982040405273,48.78679199385323],[2.5029945373535156,48.786594066168306],[2.502737045288086,48.78840366165673],[2.5054407119750977,48.7885733078881]]]},"id":1059996002,"properties":{"GEO":"CRS3035RES200mN2880600E3771000","GEO_OBJECT":"C200M","OBS_STATUS":"A","lcog_geo":"94068","ind":263.5,"men":92,"men_pauv":5,"men_1ind":18,"men_5ind":9,"men_prop":79,"men_fmp":13,"ind_snv":9615037,"men_surf":9328,"men_coll":38,"men_mais":54,"log_soc":0,"ind_inc":0,"log":92,"ind_0_17":58,"ind_65p":33}},{"type":"Feature","geometry":{"type":"Polygon","coordinates":[[[2.5056982040405273,48.78679199385323],[2.5059986114501953,48.785010616584714],[2.5032949447631836,48.784812681873774],[2.5029945373535156,48.786594066168306],[2.5056982040405273,48.78679199385323]]]},"id":1059995181,"properties":{"GEO":"CRS3035RES200mN2880400E3771000","GEO_OBJECT":"C200M","OBS_STATUS":"A","lcog_geo":"94068","ind":188.5,"men":58,"men_pauv":1,"men_1ind":7,"men_5ind":11,"men_prop":52,"men_fmp":6,"ind_snv":7345696.1,"men_surf":7732,"men_coll":4,"men_mais":54,"log_soc":0,"ind_inc":0,"log":58,"ind_0_17":45.5,"ind_65p":35}},{"type":"Feature","geometry":{"type":"Polygon","coordinates":[[[2.5078868865966797,48.79055247154227],[2.5081443786621094,48.78877122776646],[2.5054407119750977,48.7885733078881],[2.505183219909668,48.79035455868981],[2.5078868865966797,48.79055247154227]]]},"id":1059996840,"properties":{"GEO":"CRS3035RES200mN2880800E3771200","GEO_OBJECT":"C200M","OBS_STATUS":"A","lcog_geo":"94068","ind":167,"men":65,"men_pauv":6,"men_1ind":20,"men_5ind":6,"men_prop":58,"men_fmp":4,"ind_snv":6551377.2,"men_surf":6956,"men_coll":19,"men_mais":46,"log_soc":0,"ind_inc":0,"log":65,"ind_0_17":32,"ind_65p":37}},{"type":"Feature","geometry":{"type":"Polygon","coordinates":[[[2.5081443786621094,48.78877122776646],[2.5084447860717773,48.786961645533296],[2.5056982040405273,48.78679199385323],[2.5054407119750977,48.7885733078881],[2.5081443786621094,48.78877122776646]]]},"id":1059996003,"properties":{"GEO":"CRS3035RES200mN2880600E3771200","GEO_OBJECT":"C200M","OBS_STATUS":"A","lcog_geo":"94068","ind":287.5,"men":119,"men_pauv":2,"men_1ind":31,"men_5ind":6,"men_prop":97,"men_fmp":15,"ind_snv":10619231.6,"men_surf":10756,"men_coll":77,"men_mais":42,"log_soc":0,"ind_inc":0,"log":119,"ind_0_17":63.5,"ind_65p":63}},{"type":"Feature","geometry":{"type":"Polygon","coordinates":[[[2.5054407119750977,48.75245400509877],[2.5056982040405273,48.75064311354299],[2.5029945373535156,48.7504733391134],[2.502737045288086,48.75225594201379],[2.5054407119750977,48.75245400509877]]]},"id":1059980101,"properties":{"GEO":"CRS3035RES200mN2876600E3770600","GEO_OBJECT":"C200M","OBS_STATUS":"A","lcog_geo":"94004","ind":463,"men":177,"men_pauv":24,"men_1ind":51,"men_5ind":25,"men_prop":40,"men_fmp":32,"ind_snv":9749815.7,"men_surf":10607,"men_coll":173,"men_mais":4,"log_soc":58,"ind_inc":0,"log":177,"ind_0_17":152,"ind_65p":15}},{"type":"Feature","geometry":{"type":"Polygon","coordinates":[[[2.5024795532226562,48.75403848167042],[2.502737045288086,48.75225594201379],[2.500033378601074,48.752086173033774],[2.4997329711914062,48.75386871871359],[2.5024795532226562,48.75403848167042]]]},"id":1059980828,"properties":{"GEO":"CRS3035RES200mN2876800E3770400","GEO_OBJECT":"C200M","OBS_STATUS":"A","lcog_geo":"94004","ind":865,"men":239,"men_pauv":65,"men_1ind":36,"men_5ind":64,"men_prop":0,"men_fmp":44,"ind_snv":14439830.9,"men_surf":19689,"men_coll":239,"men_mais":0,"log_soc":239,"ind_inc":8,"log":239,"ind_0_17":260,"ind_65p":91}},{"type":"Feature","geometry":{"type":"Polygon","coordinates":[[[2.502737045288086,48.75225594201379],[2.5029945373535156,48.7504733391134],[2.500290870666504,48.75030356411014],[2.500033378601074,48.752086173033774],[2.502737045288086,48.75225594201379]]]},"id":1059980100,"properties":{"GEO":"CRS3035RES200mN2876600E3770400","GEO_OBJECT":"C200M","OBS_STATUS":"A","lcog_geo":"9400494044","ind":273.5,"men":186,"men_pauv":116,"men_1ind":133,"men_5ind":5,"men_prop":8,"men_fmp":9,"ind_snv":3596818.3,"men_surf":2779,"men_coll":178,"men_mais":8,"log_soc":176,"ind_inc":0,"log":186,"ind_0_17":26.5,"ind_65p":85}},{"type":"Feature","geometry":{"type":"Polygon","coordinates":[[[2.5048828125,48.75601900711473],[2.505183219909668,48.75423653772833],[2.5024795532226562,48.75403848167042],[2.5021791458129883,48.755849250850304],[2.5048828125,48.75601900711473]]]},"id":1059981563,"properties":{"GEO":"CRS3035RES200mN2877000E3770600","GEO_OBJECT":"C200M","OBS_STATUS":"A","lcog_geo":"94004","ind":1255,"men":418,"men_pauv":88,"men_1ind":92,"men_5ind":78,"men_prop":89,"men_fmp":88,"ind_snv":23007676.5,"men_surf":31076,"men_coll":418,"men_mais":0,"log_soc":224,"ind_inc":5,"log":418,"ind_0_17":388,"ind_65p":126}},{"type":"Feature","geometry":{"type":"Polygon","coordinates":[[[2.4994754791259766,48.7556512011501],[2.4997329711914062,48.75386871871359],[2.4970293045043945,48.75367066120563],[2.496771812438965,48.75548144364285],[2.4994754791259766,48.7556512011501]]]},"id":1059981561,"properties":{"GEO":"CRS3035RES200mN2877000E3770200","GEO_OBJECT":"C200M","OBS_STATUS":"A","lcog_geo":"9400494044","ind":772,"men":234,"men_pauv":60,"men_1ind":50,"men_5ind":52,"men_prop":4,"men_fmp":46,"ind_snv":13235898.2,"men_surf":18765,"men_coll":228,"men_mais":6,"log_soc":227,"ind_inc":2,"log":234,"ind_0_17":228,"ind_65p":93}},{"type":"Feature","geometry":{"type":"Polygon","coordinates":[[[2.4997329711914062,48.75386871871359],[2.500033378601074,48.752086173033774],[2.4973297119140625,48.75188810849875],[2.4970293045043945,48.75367066120563],[2.4997329711914062,48.75386871871359]]]},"id":1059980827,"properties":{"GEO":"CRS3035RES200mN2876800E3770200","GEO_OBJECT":"C200M","OBS_STATUS":"A","lcog_geo":"9404494004","ind":58.5,"men":28,"men_pauv":5,"men_1ind":10,"men_5ind":1,"men_prop":19,"men_fmp":2,"ind_snv":1695636,"men_surf":2732,"men_coll":7,"men_mais":21,"log_soc":0,"ind_inc":0,"log":28,"ind_0_17":9.5,"ind_65p":25}},{"type":"Feature","geometry":{"type":"Polygon","coordinates":[[[2.5019216537475586,48.757631663017094],[2.5021791458129883,48.755849250850304],[2.4994754791259766,48.7556512011501],[2.499217987060547,48.757433620343846],[2.5019216537475586,48.757631663017094]]]},"id":1059982316,"properties":{"GEO":"CRS3035RES200mN2877200E3770400","GEO_OBJECT":"C200M","OBS_STATUS":"A","lcog_geo":"94004","ind":961.5,"men":378,"men_pauv":60,"men_1ind":117,"men_5ind":45,"men_prop":196,"men_fmp":69,"ind_snv":20024000.6,"men_surf":28397,"men_coll":378,"men_mais":0,"log_soc":134,"ind_inc":1,"log":378,"ind_0_17":258.5,"ind_65p":110}},{"type":"Feature","geometry":{"type":"Polygon","coordinates":[[[2.5021791458129883,48.755849250850304],[2.5024795532226562,48.75403848167042],[2.4997329711914062,48.75386871871359],[2.4994754791259766,48.7556512011501],[2.5021791458129883,48.755849250850304]]]},"id":1059981562,"properties":{"GEO":"CRS3035RES200mN2877000E3770400","GEO_OBJECT":"C200M","OBS_STATUS":"A","lcog_geo":"94004","ind":530.5,"men":191,"men_pauv":37,"men_1ind":50,"men_5ind":25,"men_prop":138,"men_fmp":21,"ind_snv":11278721,"men_surf":14523,"men_coll":191,"men_mais":0,"log_soc":0,"ind_inc":0,"log":191,"ind_0_17":160.5,"ind_65p":82}},{"type":"Feature","geometry":{"type":"Polygon","coordinates":[[[2.500033378601074,48.752086173033774],[2.500290870666504,48.75030356411014],[2.497587203979492,48.750105492548016],[2.4973297119140625,48.75188810849875],[2.500033378601074,48.752086173033774]]]},"id":1059980099,"properties":{"GEO":"CRS3035RES200mN2876600E3770200","GEO_OBJECT":"C200M","OBS_STATUS":"A","lcog_geo":"9404494004","ind":284,"men":115,"men_pauv":15,"men_1ind":35,"men_5ind":12,"men_prop":87,"men_fmp":18,"ind_snv":7050607.2,"men_surf":9196,"men_coll":76,"men_mais":39,"log_soc":0,"ind_inc":0,"log":115,"ind_0_17":65,"ind_65p":53}},{"type":"Feature","geometry":{"type":"Polygon","coordinates":[[[2.494626045227051,48.75171833827588],[2.4948835372924805,48.74993571630185],[2.4921798706054688,48.74973764328965],[2.491879463195801,48.75152027229083],[2.494626045227051,48.75171833827588]]]},"id":1059980097,"properties":{"GEO":"CRS3035RES200mN2876600E3769800","GEO_OBJECT":"C200M","OBS_STATUS":"A","lcog_geo":"94044","ind":151.5,"men":58,"men_pauv":8,"men_1ind":15,"men_5ind":4,"men_prop":43,"men_fmp":6,"ind_snv":4124497.8,"men_surf":4970,"men_coll":16,"men_mais":42,"log_soc":0,"ind_inc":0,"log":58,"ind_0_17":38.5,"ind_65p":21}},{"type":"Feature","geometry":{"type":"Polygon","coordinates":[[[2.4970293045043945,48.75367066120563],[2.4973297119140625,48.75188810849875],[2.494626045227051,48.75171833827588],[2.494325637817383,48.75350089700595],[2.4970293045043945,48.75367066120563]]]},"id":1059980826,"properties":{"GEO":"CRS3035RES200mN2876800E3770000","GEO_OBJECT":"C200M","OBS_STATUS":"A","lcog_geo":"94044","ind":282,"men":99,"men_pauv":12,"men_1ind":24,"men_5ind":12,"men_prop":66,"men_fmp":12,"ind_snv":7008547.2,"men_surf":7856,"men_coll":59,"men_mais":40,"log_soc":0,"ind_inc":0,"log":99,"ind_0_17":81,"ind_65p":29}},{"type":"Feature","geometry":{"type":"Polygon","coordinates":[[[2.4973297119140625,48.75188810849875],[2.497587203979492,48.750105492548016],[2.4948835372924805,48.74993571630185],[2.494626045227051,48.75171833827588],[2.4973297119140625,48.75188810849875]]]},"id":1059980098,"properties":{"GEO":"CRS3035RES200mN2876600E3770000","GEO_OBJECT":"C200M","OBS_STATUS":"A","lcog_geo":"94044","ind":197.5,"men":59,"men_pauv":7,"men_1ind":10,"men_5ind":14,"men_prop":53,"men_fmp":3,"ind_snv":5364619.1,"men_surf":6251,"men_coll":6,"men_mais":53,"log_soc":0,"ind_inc":0,"log":59,"ind_0_17":55.5,"ind_65p":28}},{"type":"Feature","geometry":{"type":"Polygon","coordinates":[[[2.496771812438965,48.75548144364285],[2.4970293045043945,48.75367066120563],[2.494325637817383,48.75350089700595],[2.494068145751953,48.75528339249263],[2.496771812438965,48.75548144364285]]]},"id":1059981560,"properties":{"GEO":"CRS3035RES200mN2877000E3770000","GEO_OBJECT":"C200M","OBS_STATUS":"A","lcog_geo":"9404494004","ind":833.5,"men":270,"men_pauv":60,"men_1ind":64,"men_5ind":54,"men_prop":64,"men_fmp":52,"ind_snv":14857567.1,"men_surf":19949,"men_coll":247,"men_mais":23,"log_soc":172,"ind_inc":6,"log":270,"ind_0_17":277.5,"ind_65p":50}},{"type":"Feature","geometry":{"type":"Polygon","coordinates":[[[2.496514320373535,48.75726386885967],[2.496771812438965,48.75548144364285],[2.494068145751953,48.75528339249263],[2.4938106536865234,48.75706582473643],[2.496514320373535,48.75726386885967]]]},"id":1059982314,"properties":{"GEO":"CRS3035RES200mN2877200E3770000","GEO_OBJECT":"C200M","OBS_STATUS":"A","lcog_geo":"9404494004","ind":750.5,"men":275,"men_pauv":51,"men_1ind":81,"men_5ind":37,"men_prop":75,"men_fmp":53,"ind_snv":15485728.1,"men_surf":18642,"men_coll":222,"men_mais":53,"log_soc":134,"ind_inc":14,"log":275,"ind_0_17":208,"ind_65p":70}},{"type":"Feature","geometry":{"type":"Polygon","coordinates":[[[2.501664161682129,48.759414011941686],[2.5019216537475586,48.757631663017094],[2.499217987060547,48.757433620343846],[2.498960494995117,48.75924426714977],[2.501664161682129,48.759414011941686]]]},"id":1059983107,"properties":{"GEO":"CRS3035RES200mN2877400E3770400","GEO_OBJECT":"C200M","OBS_STATUS":"A","lcog_geo":"94004","ind":317.5,"men":164,"men_pauv":35,"men_1ind":85,"men_5ind":10,"men_prop":47,"men_fmp":24,"ind_snv":6267860.9,"men_surf":10843,"men_coll":164,"men_mais":0,"log_soc":109,"ind_inc":0,"log":164,"ind_0_17":60.5,"ind_65p":56}},{"type":"Feature","geometry":{"type":"Polygon","coordinates":[[[2.5046253204345703,48.75780141325842],[2.5048828125,48.75601900711473],[2.5021791458129883,48.755849250850304],[2.5019216537475586,48.757631663017094],[2.5046253204345703,48.75780141325842]]]},"id":1059982317,"properties":{"GEO":"CRS3035RES200mN2877200E3770600","GEO_OBJECT":"C200M","OBS_STATUS":"A","lcog_geo":"94004","ind":328,"men":120,"men_pauv":11,"men_1ind":29,"men_5ind":13,"men_prop":103,"men_fmp":10,"ind_snv":7872074.8,"men_surf":9297,"men_coll":120,"men_mais":0,"log_soc":0,"ind_inc":0,"log":120,"ind_0_17":67,"ind_65p":66}},{"type":"Feature","geometry":{"type":"Polygon","coordinates":[[[2.501363754272461,48.76119629762459],[2.501664161682129,48.759414011941686],[2.498960494995117,48.75924426714977],[2.498660087585449,48.76102655885566],[2.501363754272461,48.76119629762459]]]},"id":1059983882,"properties":{"GEO":"CRS3035RES200mN2877600E3770400","GEO_OBJECT":"C200M","OBS_STATUS":"I","lcog_geo":"94004","ind":3,"men":1,"men_pauv":0.2,"men_1ind":0.1,"men_5ind":0.2,"men_prop":0.8,"men_fmp":0.2,"ind_snv":72530.8,"men_surf":96.9,"men_coll":0.1,"men_mais":0.9,"log_soc":0,"ind_inc":0,"log":1,"ind_0_17":0.8999999999999999,"ind_65p":0.4}},{"type":"Feature","geometry":{"type":"Polygon","coordinates":[[[2.498960494995117,48.75924426714977],[2.499217987060547,48.757433620343846],[2.496514320373535,48.75726386885967],[2.496213912963867,48.7590462308342],[2.498960494995117,48.75924426714977]]]},"id":1059983106,"properties":{"GEO":"CRS3035RES200mN2877400E3770200","GEO_OBJECT":"C200M","OBS_STATUS":"A","lcog_geo":"94004","ind":124,"men":42,"men_pauv":10,"men_1ind":10,"men_5ind":8,"men_prop":0,"men_fmp":13,"ind_snv":2141822.6,"men_surf":2999,"men_coll":42,"men_mais":0,"log_soc":33,"ind_inc":2,"log":42,"ind_0_17":35,"ind_65p":10}},{"type":"Feature","geometry":{"type":"Polygon","coordinates":[[[2.499217987060547,48.757433620343846],[2.4994754791259766,48.7556512011501],[2.496771812438965,48.75548144364285],[2.496514320373535,48.75726386885967],[2.499217987060547,48.757433620343846]]]},"id":1059982315,"properties":{"GEO":"CRS3035RES200mN2877200E3770200","GEO_OBJECT":"C200M","OBS_STATUS":"A","lcog_geo":"94004","ind":1034,"men":320,"men_pauv":91,"men_1ind":68,"men_5ind":70,"men_prop":72,"men_fmp":72,"ind_snv":17831745.6,"men_surf":23865,"men_coll":320,"men_mais":0,"log_soc":226,"ind_inc":0,"log":320,"ind_0_17":305,"ind_65p":91}},{"type":"Feature","geometry":{"type":"Polygon","coordinates":[[[2.5008487701416016,48.76478896699885],[2.5011062622070312,48.762978520066326],[2.4984025955200195,48.762808787320324],[2.49814510345459,48.76459095254435],[2.5008487701416016,48.76478896699885]]]},"id":1059985414,"properties":{"GEO":"CRS3035RES200mN2878000E3770400","GEO_OBJECT":"C200M","OBS_STATUS":"I","lcog_geo":"940719401194004","ind":4,"men":1.9,"men_pauv":0,"men_1ind":0.9,"men_5ind":0.2,"men_prop":0.2,"men_fmp":0.2,"ind_snv":98049.9,"men_surf":128,"men_coll":1.4,"men_mais":0.5,"log_soc":0,"ind_inc":0,"log":1.9,"ind_0_17":0.6000000000000001,"ind_65p":0.5}},{"type":"Feature","geometry":{"type":"Polygon","coordinates":[[[2.494325637817383,48.75350089700595],[2.494626045227051,48.75171833827588],[2.491879463195801,48.75152027229083],[2.491621971130371,48.75333113223263],[2.494325637817383,48.75350089700595]]]},"id":1059980825,"properties":{"GEO":"CRS3035RES200mN2876800E3769800","GEO_OBJECT":"C200M","OBS_STATUS":"A","lcog_geo":"94044","ind":245,"men":111,"men_pauv":3,"men_1ind":37,"men_5ind":3,"men_prop":76,"men_fmp":16,"ind_snv":6686556,"men_surf":8629,"men_coll":63,"men_mais":48,"log_soc":0,"ind_inc":0,"log":111,"ind_0_17":54.5,"ind_65p":40}},{"type":"Feature","geometry":{"type":"Polygon","coordinates":[[[2.494068145751953,48.75528339249263],[2.494325637817383,48.75350089700595],[2.491621971130371,48.75333113223263],[2.4913644790649414,48.75511363374247],[2.494068145751953,48.75528339249263]]]},"id":1059981559,"properties":{"GEO":"CRS3035RES200mN2877000E3769800","GEO_OBJECT":"C200M","OBS_STATUS":"A","lcog_geo":"94044","ind":549,"men":271,"men_pauv":34,"men_1ind":123,"men_5ind":10,"men_prop":156,"men_fmp":23,"ind_snv":12718257.1,"men_surf":15046,"men_coll":231,"men_mais":40,"log_soc":11,"ind_inc":1,"log":271,"ind_0_17":127,"ind_65p":49}},{"type":"Feature","geometry":{"type":"Polygon","coordinates":[[[2.496213912963867,48.7590462308342],[2.496514320373535,48.75726386885967],[2.4938106536865234,48.75706582473643],[2.4935102462768555,48.75887648479943],[2.496213912963867,48.7590462308342]]]},"id":1059983105,"properties":{"GEO":"CRS3035RES200mN2877400E3770000","GEO_OBJECT":"C200M","OBS_STATUS":"A","lcog_geo":"9400494044","ind":293.5,"men":94,"men_pauv":5,"men_1ind":5,"men_5ind":19,"men_prop":91,"men_fmp":10,"ind_snv":8067360.4,"men_surf":9383,"men_coll":0,"men_mais":94,"log_soc":0,"ind_inc":0,"log":94,"ind_0_17":71.5,"ind_65p":70}},{"type":"Feature","geometry":{"type":"Polygon","coordinates":[[[2.4959564208984375,48.76082852956691],[2.496213912963867,48.7590462308342],[2.4935102462768555,48.75887648479943],[2.493252754211426,48.76065878955518],[2.4959564208984375,48.76082852956691]]]},"id":1059983881,"properties":{"GEO":"CRS3035RES200mN2877600E3770000","GEO_OBJECT":"C200M","OBS_STATUS":"I","lcog_geo":"9400494011","ind":72,"men":23,"men_pauv":3.8,"men_1ind":1.9,"men_5ind":5.8,"men_prop":19.2,"men_fmp":3.8,"ind_snv":1740739.1,"men_surf":2326.1,"men_coll":0.9,"men_mais":22.1,"log_soc":0,"ind_inc":0,"log":23,"ind_0_17":21.1,"ind_65p":9.6}},{"type":"Feature","geometry":{"type":"Polygon","coordinates":[[[2.5056982040405273,48.76872080663313],[2.5059986114501953,48.76693878796493],[2.5032949447631836,48.76674078198707],[2.5029945373535156,48.76855109329409],[2.5056982040405273,48.76872080663313]]]},"id":1059986929,"properties":{"GEO":"CRS3035RES200mN2878400E3770800","GEO_OBJECT":"C200M","OBS_STATUS":"I","lcog_geo":"94071","ind":1,"men":0.5,"men_pauv":0,"men_1ind":0.2,"men_5ind":0,"men_prop":0,"men_fmp":0,"ind_snv":24512.5,"men_surf":32,"men_coll":0.4,"men_mais":0.1,"log_soc":0,"ind_inc":0,"log":0.5,"ind_0_17":0.1,"ind_65p":0.1}},{"type":"Feature","geometry":{"type":"Polygon","coordinates":[[[2.5054407119750977,48.770502762062364],[2.5056982040405273,48.76872080663313],[2.5029945373535156,48.76855109329409],[2.502737045288086,48.77033305474606],[2.5054407119750977,48.770502762062364]]]},"id":1059987732,"properties":{"GEO":"CRS3035RES200mN2878600E3770800","GEO_OBJECT":"C200M","OBS_STATUS":"I","lcog_geo":"94071","ind":6,"men":2.8,"men_pauv":0,"men_1ind":1.3,"men_5ind":0.3,"men_prop":0.3,"men_fmp":0.3,"ind_snv":147074.8,"men_surf":192,"men_coll":2.1,"men_mais":0.7,"log_soc":0,"ind_inc":0,"log":2.8,"ind_0_17":0.9,"ind_65p":0.8}},{"type":"Feature","geometry":{"type":"Polygon","coordinates":[[[2.5070714950561523,48.77785619480892],[2.507328987121582,48.77604621898632],[2.5046253204345703,48.77587653040709],[2.5043678283691406,48.7776582318819],[2.5070714950561523,48.77785619480892]]]},"id":1059990977,"properties":{"GEO":"CRS3035RES200mN2879400E3771000","GEO_OBJECT":"C200M","OBS_STATUS":"I","lcog_geo":"94071","ind":3,"men":1.4,"men_pauv":0,"men_1ind":0.7,"men_5ind":0.1,"men_prop":0.1,"men_fmp":0.1,"ind_snv":73537.4,"men_surf":96,"men_coll":1,"men_mais":0.4,"log_soc":0,"ind_inc":0,"log":1.4,"ind_0_17":0.5,"ind_65p":0.4}},{"type":"Feature","geometry":{"type":"Polygon","coordinates":[[[2.5065135955810547,48.781419393997595],[2.5068140029907227,48.779637826021144],[2.5040674209594727,48.77943987012034],[2.503809928894043,48.781249723581396],[2.5065135955810547,48.781419393997595]]]},"id":1059992671,"properties":{"GEO":"CRS3035RES200mN2879800E3771000","GEO_OBJECT":"C200M","OBS_STATUS":"I","lcog_geo":"9401194071","ind":5,"men":2.3,"men_pauv":0,"men_1ind":1.1,"men_5ind":0.2,"men_prop":0.2,"men_fmp":0.2,"ind_snv":122562.3,"men_surf":160,"men_coll":1.7,"men_mais":0.6,"log_soc":0,"ind_inc":0,"log":2.3,"ind_0_17":0.7,"ind_65p":0.6}},{"type":"Feature","geometry":{"type":"Polygon","coordinates":[[[2.503809928894043,48.781249723581396],[2.5040674209594727,48.77943987012034],[2.501363754272461,48.779270193012565],[2.5011062622070312,48.78105177403759],[2.503809928894043,48.781249723581396]]]},"id":1059992670,"properties":{"GEO":"CRS3035RES200mN2879800E3770800","GEO_OBJECT":"C200M","OBS_STATUS":"I","lcog_geo":"94011","ind":5,"men":2.3,"men_pauv":0,"men_1ind":1.1,"men_5ind":0.2,"men_prop":0.2,"men_fmp":0.2,"ind_snv":122562.3,"men_surf":160,"men_coll":1.7,"men_mais":0.6,"log_soc":0,"ind_inc":0,"log":2.3,"ind_0_17":0.7,"ind_65p":0.6}},{"type":"Feature","geometry":{"type":"Polygon","coordinates":[[[2.5032949447631836,48.784812681873774],[2.5035524368286133,48.783031234344975],[2.5008487701416016,48.7828332918273],[2.5005483627319336,48.78464302292872],[2.5032949447631836,48.784812681873774]]]},"id":1059994367,"properties":{"GEO":"CRS3035RES200mN2880200E3770800","GEO_OBJECT":"C200M","OBS_STATUS":"I","lcog_geo":"9401194068","ind":4,"men":1.7,"men_pauv":0.3,"men_1ind":0.4,"men_5ind":0.1,"men_prop":0.3,"men_fmp":0.3,"ind_snv":111553.3,"men_surf":117.3,"men_coll":0.7,"men_mais":1,"log_soc":0,"ind_inc":0,"log":1.7000000000000002,"ind_0_17":0.8,"ind_65p":0.4}},{"type":"Feature","geometry":{"type":"Polygon","coordinates":[[[2.5005483627319336,48.78464302292872],[2.5008487701416016,48.7828332918273],[2.49814510345459,48.78266362619078],[2.497844696044922,48.78444508676799],[2.5005483627319336,48.78464302292872]]]},"id":1059994366,"properties":{"GEO":"CRS3035RES200mN2880200E3770600","GEO_OBJECT":"C200M","OBS_STATUS":"I","lcog_geo":"94011","ind":2,"men":0.9,"men_pauv":0.2,"men_1ind":0.2,"men_5ind":0,"men_prop":0.2,"men_fmp":0.2,"ind_snv":55776.7,"men_surf":58.7,"men_coll":0.4,"men_mais":0.5,"log_soc":0,"ind_inc":0,"log":0.8999999999999999,"ind_0_17":0.3,"ind_65p":0.2}},{"type":"Feature","geometry":{"type":"Polygon","coordinates":[[[2.500290870666504,48.786424413245555],[2.5005483627319336,48.78464302292872],[2.497844696044922,48.78444508676799],[2.497587203979492,48.78622648411081],[2.500290870666504,48.786424413245555]]]},"id":1059995179,"properties":{"GEO":"CRS3035RES200mN2880400E3770600","GEO_OBJECT":"C200M","OBS_STATUS":"A","lcog_geo":"9406894011","ind":116,"men":36,"men_pauv":3,"men_1ind":4,"men_5ind":5,"men_prop":34,"men_fmp":1,"ind_snv":4346956.4,"men_surf":4533,"men_coll":0,"men_mais":36,"log_soc":0,"ind_inc":0,"log":36,"ind_0_17":31,"ind_65p":16}},{"type":"Feature","geometry":{"type":"Polygon","coordinates":[[[2.4948835372924805,48.78605682994538],[2.49514102935791,48.78427542658025],[2.4924373626708984,48.78407748896967],[2.4921798706054688,48.7858871752064],[2.4948835372924805,48.78605682994538]]]},"id":1059995177,"properties":{"GEO":"CRS3035RES200mN2880400E3770200","GEO_OBJECT":"C200M","OBS_STATUS":"A","lcog_geo":"9406894011","ind":343.5,"men":158,"men_pauv":10,"men_1ind":67,"men_5ind":10,"men_prop":110,"men_fmp":17,"ind_snv":9977937.8,"men_surf":10148,"men_coll":140,"men_mais":18,"log_soc":0,"ind_inc":0,"log":158,"ind_0_17":70.5,"ind_65p":63}},{"type":"Feature","geometry":{"type":"Polygon","coordinates":[[[2.5029945373535156,48.786594066168306],[2.5032949447631836,48.784812681873774],[2.5005483627319336,48.78464302292872],[2.500290870666504,48.786424413245555],[2.5029945373535156,48.786594066168306]]]},"id":1059995180,"properties":{"GEO":"CRS3035RES200mN2880400E3770800","GEO_OBJECT":"C200M","OBS_STATUS":"A","lcog_geo":"9406894011","ind":164.5,"men":60,"men_pauv":2,"men_1ind":10,"men_5ind":6,"men_prop":53,"men_fmp":3,"ind_snv":6509237.5,"men_surf":6690,"men_coll":6,"men_mais":54,"log_soc":0,"ind_inc":0,"log":60,"ind_0_17":28.5,"ind_65p":44}},{"type":"Feature","geometry":{"type":"Polygon","coordinates":[[[2.5024795532226562,48.790184918480605],[2.502737045288086,48.78840366165673],[2.500033378601074,48.78820574032861],[2.4997329711914062,48.789987004178386],[2.5024795532226562,48.790184918480605]]]},"id":1059996838,"properties":{"GEO":"CRS3035RES200mN2880800E3770800","GEO_OBJECT":"C200M","OBS_STATUS":"A","lcog_geo":"94068","ind":449,"men":211,"men_pauv":16,"men_1ind":86,"men_5ind":6,"men_prop":137,"men_fmp":19,"ind_snv":13951792.6,"men_surf":13754,"men_coll":166,"men_mais":45,"log_soc":0,"ind_inc":0,"log":211,"ind_0_17":95.5,"ind_65p":77}},{"type":"Feature","geometry":{"type":"Polygon","coordinates":[[[2.502737045288086,48.78840366165673],[2.5029945373535156,48.786594066168306],[2.500290870666504,48.786424413245555],[2.500033378601074,48.78820574032861],[2.502737045288086,48.78840366165673]]]},"id":1059996001,"properties":{"GEO":"CRS3035RES200mN2880600E3770800","GEO_OBJECT":"C200M","OBS_STATUS":"A","lcog_geo":"94068","ind":419,"men":168,"men_pauv":13,"men_1ind":44,"men_5ind":12,"men_prop":96,"men_fmp":31,"ind_snv":12528122,"men_surf":13582,"men_coll":104,"men_mais":64,"log_soc":55,"ind_inc":0,"log":168,"ind_0_17":94,"ind_65p":62}},{"type":"Feature","geometry":{"type":"Polygon","coordinates":[[[2.500033378601074,48.78820574032861],[2.500290870666504,48.786424413245555],[2.497587203979492,48.78622648411081],[2.4973297119140625,48.788036092854554],[2.500033378601074,48.78820574032861]]]},"id":1059996000,"properties":{"GEO":"CRS3035RES200mN2880600E3770600","GEO_OBJECT":"C200M","OBS_STATUS":"A","lcog_geo":"94068","ind":346.5,"men":140,"men_pauv":13,"men_1ind":42,"men_5ind":10,"men_prop":99,"men_fmp":17,"ind_snv":11800966.8,"men_surf":11881,"men_coll":79,"men_mais":61,"log_soc":10,"ind_inc":0,"log":140,"ind_0_17":80.5,"ind_65p":60}},{"type":"Feature","geometry":{"type":"Polygon","coordinates":[[[2.505183219909668,48.79035455868981],[2.5054407119750977,48.7885733078881],[2.502737045288086,48.78840366165673],[2.5024795532226562,48.790184918480605],[2.505183219909668,48.79035455868981]]]},"id":1059996839,"properties":{"GEO":"CRS3035RES200mN2880800E3771000","GEO_OBJECT":"C200M","OBS_STATUS":"A","lcog_geo":"94068","ind":221,"men":118,"men_pauv":12,"men_1ind":61,"men_5ind":7,"men_prop":57,"men_fmp":12,"ind_snv":6074905.4,"men_surf":6048,"men_coll":102,"men_mais":16,"log_soc":0,"ind_inc":0,"log":118,"ind_0_17":40,"ind_65p":34}},{"type":"Feature","geometry":{"type":"Polygon","coordinates":[[[2.4997329711914062,48.789987004178386],[2.500033378601074,48.78820574032861],[2.4973297119140625,48.788036092854554],[2.4970293045043945,48.789817362726524],[2.4997329711914062,48.789987004178386]]]},"id":1059996837,"properties":{"GEO":"CRS3035RES200mN2880800E3770600","GEO_OBJECT":"C200M","OBS_STATUS":"A","lcog_geo":"94068","ind":193,"men":81,"men_pauv":7,"men_1ind":25,"men_5ind":8,"men_prop":58,"men_fmp":6,"ind_snv":6491429.3,"men_surf":6558,"men_coll":37,"men_mais":44,"log_soc":0,"ind_inc":0,"log":81,"ind_0_17":39,"ind_65p":45}},{"type":"Feature","geometry":{"type":"Polygon","coordinates":[[[2.4973297119140625,48.788036092854554],[2.497587203979492,48.78622648411081],[2.4948835372924805,48.78605682994538],[2.494626045227051,48.78783817007661],[2.4973297119140625,48.788036092854554]]]},"id":1059995999,"properties":{"GEO":"CRS3035RES200mN2880600E3770400","GEO_OBJECT":"C200M","OBS_STATUS":"A","lcog_geo":"94068","ind":480,"men":223,"men_pauv":18,"men_1ind":94,"men_5ind":10,"men_prop":130,"men_fmp":17,"ind_snv":13587319.3,"men_surf":13149,"men_coll":179,"men_mais":44,"log_soc":0,"ind_inc":0,"log":223,"ind_0_17":96,"ind_65p":67}},{"type":"Feature","geometry":{"type":"Polygon","coordinates":[[[2.497587203979492,48.78622648411081],[2.497844696044922,48.78444508676799],[2.49514102935791,48.78427542658025],[2.4948835372924805,48.78605682994538],[2.497587203979492,48.78622648411081]]]},"id":1059995178,"properties":{"GEO":"CRS3035RES200mN2880400E3770400","GEO_OBJECT":"C200M","OBS_STATUS":"A","lcog_geo":"9406894011","ind":52,"men":23,"men_pauv":0,"men_1ind":8,"men_5ind":0,"men_prop":20,"men_fmp":1,"ind_snv":1740928.1,"men_surf":2467,"men_coll":5,"men_mais":18,"log_soc":0,"ind_inc":0,"log":23,"ind_0_17":7,"ind_65p":12}},{"type":"Feature","geometry":{"type":"Polygon","coordinates":[[[2.4970293045043945,48.789817362726524],[2.4973297119140625,48.788036092854554],[2.494626045227051,48.78783817007661],[2.494325637817383,48.78964772070114],[2.4970293045043945,48.789817362726524]]]},"id":1059996836,"properties":{"GEO":"CRS3035RES200mN2880800E3770400","GEO_OBJECT":"C200M","OBS_STATUS":"A","lcog_geo":"94068","ind":373.5,"men":201,"men_pauv":33,"men_1ind":109,"men_5ind":5,"men_prop":91,"men_fmp":27,"ind_snv":9724062.1,"men_surf":10384,"men_coll":170,"men_mais":31,"log_soc":41,"ind_inc":0,"log":201,"ind_0_17":63.5,"ind_65p":70}},{"type":"Feature","geometry":{"type":"Polygon","coordinates":[[[2.495698928833008,48.78068415138506],[2.4959564208984375,48.77890255731137],[2.493252754211426,48.7787328783873],[2.492995262145996,48.78051447848341],[2.495698928833008,48.78068415138506]]]},"id":1059992669,"properties":{"GEO":"CRS3035RES200mN2879800E3770200","GEO_OBJECT":"C200M","OBS_STATUS":"I","lcog_geo":"94011","ind":7,"men":3.2,"men_pauv":0,"men_1ind":1.5,"men_5ind":0.3,"men_prop":0.3,"men_fmp":0.3,"ind_snv":171587.3,"men_surf":224,"men_coll":2.4,"men_mais":0.8,"log_soc":0,"ind_inc":0,"log":3.2,"ind_0_17":1,"ind_65p":0.8999999999999999}},{"type":"Feature","geometry":{"type":"Polygon","coordinates":[[[2.49514102935791,48.78427542658025],[2.49539852142334,48.78249395998071],[2.492694854736328,48.78229601534406],[2.4924373626708984,48.78407748896967],[2.49514102935791,48.78427542658025]]]},"id":1059994365,"properties":{"GEO":"CRS3035RES200mN2880200E3770200","GEO_OBJECT":"C200M","OBS_STATUS":"I","lcog_geo":"9401194068","ind":2,"men":0.9,"men_pauv":0.2,"men_1ind":0.2,"men_5ind":0,"men_prop":0.2,"men_fmp":0.2,"ind_snv":55776.7,"men_surf":58.7,"men_coll":0.4,"men_mais":0.5,"log_soc":0,"ind_inc":0,"log":0.8999999999999999,"ind_0_17":0.3,"ind_65p":0.2}},{"type":"Feature","geometry":{"type":"Polygon","coordinates":[[[2.4921798706054688,48.7858871752064],[2.4924373626708984,48.78407748896967],[2.4897336959838867,48.783907827539224],[2.489476203918457,48.785689243952675],[2.4921798706054688,48.7858871752064]]]},"id":1059995176,"properties":{"GEO":"CRS3035RES200mN2880400E3770000","GEO_OBJECT":"C200M","OBS_STATUS":"I","lcog_geo":"9406894011","ind":41,"men":17.6,"men_pauv":3.3,"men_1ind":4.2,"men_5ind":0.8,"men_prop":3.3,"men_fmp":3.3,"ind_snv":1143421.4,"men_surf":1202.4,"men_coll":7.5,"men_mais":10.1,"log_soc":0,"ind_inc":0,"log":17.6,"ind_0_17":8.3,"ind_65p":4.2}},{"type":"Feature","geometry":{"type":"Polygon","coordinates":[[[2.494626045227051,48.78783817007661],[2.4948835372924805,48.78605682994538],[2.4921798706054688,48.7858871752064],[2.491879463195801,48.787668521359876],[2.494626045227051,48.78783817007661]]]},"id":1059995998,"properties":{"GEO":"CRS3035RES200mN2880600E3770200","GEO_OBJECT":"C200M","OBS_STATUS":"A","lcog_geo":"94068","ind":133,"men":45,"men_pauv":2,"men_1ind":8,"men_5ind":6,"men_prop":37,"men_fmp":3,"ind_snv":4595737.6,"men_surf":3833,"men_coll":6,"men_mais":39,"log_soc":0,"ind_inc":0,"log":45,"ind_0_17":35,"ind_65p":25}},{"type":"Feature","geometry":{"type":"Polygon","coordinates":[[[2.491621971130371,48.78944980427994],[2.491879463195801,48.787668521359876],[2.489175796508789,48.78747059713217],[2.4889183044433594,48.789280161011874],[2.491621971130371,48.78944980427994]]]},"id":1059996834,"properties":{"GEO":"CRS3035RES200mN2880800E3770000","GEO_OBJECT":"C200M","OBS_STATUS":"A","lcog_geo":"94068","ind":365.5,"men":146,"men_pauv":8,"men_1ind":39,"men_5ind":6,"men_prop":119,"men_fmp":17,"ind_snv":11270345.7,"men_surf":10611,"men_coll":94,"men_mais":52,"log_soc":0,"ind_inc":0,"log":146,"ind_0_17":87,"ind_65p":44}},{"type":"Feature","geometry":{"type":"Polygon","coordinates":[[[2.491879463195801,48.787668521359876],[2.4921798706054688,48.7858871752064],[2.489476203918457,48.785689243952675],[2.489175796508789,48.78747059713217],[2.491879463195801,48.787668521359876]]]},"id":1059995997,"properties":{"GEO":"CRS3035RES200mN2880600E3770000","GEO_OBJECT":"C200M","OBS_STATUS":"A","lcog_geo":"94068","ind":253,"men":91,"men_pauv":2,"men_1ind":19,"men_5ind":10,"men_prop":76,"men_fmp":12,"ind_snv":7735124.3,"men_surf":6985,"men_coll":10,"men_mais":81,"log_soc":3,"ind_inc":0,"log":91,"ind_0_17":61,"ind_65p":51}},{"type":"Feature","geometry":{"type":"Polygon","coordinates":[[[2.494325637817383,48.78964772070114],[2.494626045227051,48.78783817007661],[2.491879463195801,48.787668521359876],[2.491621971130371,48.78944980427994],[2.494325637817383,48.78964772070114]]]},"id":1059996835,"properties":{"GEO":"CRS3035RES200mN2880800E3770200","GEO_OBJECT":"C200M","OBS_STATUS":"A","lcog_geo":"94068","ind":289,"men":105,"men_pauv":5,"men_1ind":20,"men_5ind":11,"men_prop":88,"men_fmp":17,"ind_snv":8877125.6,"men_surf":8620,"men_coll":23,"men_mais":82,"log_soc":0,"ind_inc":0,"log":105,"ind_0_17":68,"ind_65p":64}}]}